aad,name,age,phone,email,eye,h,chest,weight
101087050786,"Raul Shah",40,1120525761,osborne.kuphal@gmail.com,49,161,67,79
104435680860,"Rowen Keith",34,1850039963,cesar_jones69@yahoo.com,24,145,65,40
107271911667,"Genesis Avila",58,6647409890,noah42@hotmail.com,35,135,74,74
107498715143,"Alessia Chang",22,3211410714,sigmund16@yahoo.com,48,162,80,95
107782742473,"Avery Sanders",57,3545999492,rusty.schmidt@yahoo.com,32,170,79,92
108902829315,"Mohammad Galindo",42,2526936146,frieda.kuvalis@yahoo.com,36,155,67,50
109447907309,"Juan Daugherty",16,5326919289,abby.dicki60@gmail.com,31,135,79,72
110707191007,"Amaya Richmond",26,3321564746,kiel.christiansen47@hotmail.com,29,190,74,51
113598956467,"Giselle Fry",55,8090826059,charley50@hotmail.com,23,157,80,91
113640040538,"Archie Garcia",34,1238831819,hector.purdy23@yahoo.com,46,136,77,81
115364428007,"Danna Harrington",27,5617648463,domenico7@yahoo.com,34,161,77,46
115412112790,"Westin Sharp",49,5644888567,kellen_stiedemann@hotmail.com,40,130,74,73
117103570808,"Brynn McDonald",42,5933639747,michaela_stiedemann98@hotmail.com,30,139,78,59
117411363511,"Matias Hubbard",23,6218844525,carmela64@hotmail.com,32,135,77,69
117715359719,"Branson Keith",44,5216225465,alford.windler81@yahoo.com,30,161,76,70
119645062573,"Issac Carrillo",53,2381922885,alessandro68@yahoo.com,44,164,77,93
122405163661,"Kaleb Huynh",41,7684881320,frederik14@gmail.com,26,137,78,69
122973888865,"Alistair Hicks",32,9076834892,kellie3@yahoo.com,41,130,76,66
123224550976,"Coen Castro",42,3626118233,sammie17@yahoo.com,41,163,79,92
123953832553,"Allen Barton",49,1116982023,adella_gerhold@yahoo.com,20,160,73,85
125385846593,"Camryn Mullen",35,9541452323,joannie_pouros@gmail.com,20,188,69,48
125740505901,"Colette Corona",56,8393395020,akeem_crooks@yahoo.com,35,173,75,74
127635073108,"Lawson Harper",30,3731849020,marley.mante@hotmail.com,36,149,69,74
129017332126,"Marcellus Miles",53,8352039043,bryana_abbott@hotmail.com,22,150,80,48
129280892938,"Julieta Walls",40,3117706093,sabrina_keebler@yahoo.com,47,162,76,51
129297261161,"Jefferson Booker",15,9331235131,tiara51@hotmail.com,41,147,70,63
129898410202,"Ayan Meyers",26,1008391591,esther11@hotmail.com,42,183,70,82
130760697474,"Hannah Serrano",20,7439293866,katharina_purdy@gmail.com,48,181,69,91
131274943813,"Scarlett McCarty",33,4121127303,miller.weimann26@hotmail.com,48,189,78,77
131774588535,"Porter Carrillo",41,7942422924,blaise52@yahoo.com,46,149,70,49
132701648439,"Rosalia Dalton",43,2144732079,derrick.tremblay3@gmail.com,45,140,79,72
133460845560,"Estella Montes",57,8270999784,lindsey.metz@gmail.com,36,160,68,58
138855467787,"Hank Pace",23,6135807114,sandy83@yahoo.com,27,186,73,97
141597119030,"Robert Snyder",36,7528315213,kaleb91@gmail.com,34,188,73,95
144063829622,"Ayla Castro",31,9561510269,samara_mohr@hotmail.com,47,179,76,73
144454774517,"Scarlet Orozco",37,9192141636,mustafa31@hotmail.com,49,130,66,93
144992997978,"Rayan Scott",45,1985627903,clotilde.lubowitz42@hotmail.com,22,130,80,67
145231535575,"Bellamy Pratt",24,2850461239,karlie.lakin39@hotmail.com,49,161,73,92
145260976229,"Juliet Bailey",46,8203284755,esteban_sipes@yahoo.com,40,178,69,77
146011375303,"Ashlynn Best",16,4373998842,florencio.gottlieb@hotmail.com,44,149,76,62
146280483766,"Marcos Maynard",50,6210156489,brannon60@hotmail.com,41,144,67,60
150151304015,"Bronson Dickson",43,8549326451,minnie_wisoky@gmail.com,46,146,71,74
152101955581,"Savannah Benton",30,4321509162,jennie.weber@yahoo.com,23,138,74,78
155089443605,"Harlee Roy",16,5990357519,kylee.cruickshank@yahoo.com,45,156,72,62
155319208737,"Kamilah Haynes",43,2422546720,camron14@gmail.com,22,166,77,61
155349276311,"Paul Cordova",20,9912825556,alanis.hauck3@yahoo.com,33,132,69,64
155755896521,"Hector English",56,6329960242,mayra.schuster6@hotmail.com,29,145,78,58
156739120354,"Isabelle Weber",38,4428976326,krystel_murazik51@gmail.com,20,156,71,100
157377850800,"Laurel James",28,7823823095,amira.hayes75@yahoo.com,47,151,67,48
157799750964,"Darian Lee",47,8782739282,aracely78@hotmail.com,25,141,78,51
158844295974,"Mccoy Colon",43,9925135968,mikayla.koelpin@gmail.com,21,172,67,83
158969846621,"Mylo Fowler",25,2107022531,thelma22@yahoo.com,40,131,68,99
159384900133,"Brett Cochran",20,4673663587,deshaun.weber56@yahoo.com,34,132,77,52
160079383362,"Jon Ellison",45,5408252817,sofia_greenfelder@gmail.com,33,131,72,85
160785019064,"Avi Barber",36,4327796316,robert47@gmail.com,49,178,79,99
160806591271,"Xiomara Frye",53,4747872152,shanel.koepp9@hotmail.com,41,142,66,86
161679573736,"Cassandra Curtis",47,3179625955,gilberto17@gmail.com,24,155,76,44
162797861567,"Annabelle Osborne",21,2173926280,ethyl.leannon14@gmail.com,45,150,70,99
162815131364,"Kyro Willis",35,2245425267,wilma.gerlach@gmail.com,26,154,69,90
164189454017,"Camille English",49,3642646764,sophia.waelchi@hotmail.com,35,166,67,96
165037964813,"Rosa Roman",34,5194099768,corene_schultz@hotmail.com,35,160,68,63
165429482532,"Santiago Gilbert",47,9544925348,hellen.stokes@yahoo.com,39,162,73,79
166679188536,"Nathalie Conway",27,4993874252,terrell69@yahoo.com,29,163,72,50
167416924158,"Caspian Gates",19,8937858550,kayden.hills49@yahoo.com,49,162,68,66
167707396560,"Noelle Olson",40,4775813180,mozelle61@hotmail.com,48,164,71,74
167713824266,"Marisol West",44,7352083108,jadon98@hotmail.com,44,138,74,61
167786803001,"Edward Spencer",50,1977457223,maida30@gmail.com,40,146,65,64
167899219401,"Adaline Molina",20,9293278106,constance.erdman@hotmail.com,35,153,71,93
169301377052,"Elyse Cameron",20,5381333883,cindy54@hotmail.com,36,167,69,57
169889712265,"Phoebe Nicholson",35,5456226057,shaun61@yahoo.com,37,139,74,100
170483845696,"Jaime Brewer",47,9424609324,angie_hauck@yahoo.com,24,189,65,64
170985204804,"Astrid Andersen",51,4088536279,sydnee.barton85@gmail.com,33,130,80,86
173657244412,"Walter Eaton",54,2958789428,ellis_veum25@gmail.com,41,172,78,59
174306035283,"Abdiel Nolan",57,3861601500,garrison.emard@yahoo.com,28,172,78,72
176417611770,"Joanna Villanueva",19,4641035742,lindsay_wehner2@hotmail.com,25,130,66,50
176462838878,"London Vazquez",46,5038024664,arlene_zboncak@gmail.com,30,184,71,76
178089797607,"Elianna Sparks",15,6928192543,guy53@gmail.com,45,142,67,51
179868554712,"Ximena Garza",18,7601334119,manuela98@hotmail.com,32,142,68,58
183222574335,"Lionel Wheeler",51,2578310452,emile68@hotmail.com,47,168,79,41
183408445818,"Jace Gardner",53,4843185086,baby17@yahoo.com,40,140,79,49
183888129137,"Callie Thomas",54,2676352497,rosendo51@hotmail.com,43,157,66,88
184430218343,"Shay Short",38,8666403308,mariela19@hotmail.com,42,158,69,71
184535939833,"Cleo Murillo",19,4935572808,ali_schowalter98@gmail.com,28,168,69,83
184981301889,"Guadalupe Monroe",15,3077253203,ewell_haley@yahoo.com,23,137,69,46
185292085400,"Haisley Padilla",37,4957737175,albert26@yahoo.com,46,135,79,71
185299032772,"Maya Wagner",43,8878720473,phyllis18@hotmail.com,39,184,73,72
186622439188,"Landry Maldonado",23,6406537868,tiana.rolfson30@yahoo.com,24,178,78,57
186878562390,"Amaris Foley",53,6181699844,shaina.mayert@yahoo.com,23,150,71,91
186952501192,"Chaim Chambers",37,4106901079,ilene_torp@yahoo.com,46,158,67,44
187179873744,"Gracelynn Lynn",40,6948226487,max.kassulke@hotmail.com,41,169,75,93
187845900502,"Madeline Pineda",47,2902599363,eliane_renner3@gmail.com,45,178,70,100
188738240977,"Kenneth Lindsey",32,8080294651,kiana_hodkiewicz67@gmail.com,26,172,69,56
189253934758,"Pierce Freeman",37,6554516900,akeem.windler@yahoo.com,46,156,74,77
190480932902,"Remy Kirk",54,7557340086,heloise.nader@gmail.com,24,130,72,80
191623873455,"Aydin Valdez",60,3989782919,terrance2@yahoo.com,44,182,68,67
191990629935,"Kaysen Richmond",40,5390008881,alec.fahey44@yahoo.com,21,187,80,65
193592217809,"Langston Guerrero",58,8799753143,rylee.olson@gmail.com,43,163,76,45
194071531687,"Brynlee Hensley",41,3594535510,jimmy16@yahoo.com,29,181,78,65
194128456760,"Reece Brennan",35,6981931757,keaton20@hotmail.com,44,165,69,65
194640581094,"Anthony Macdonald",52,9238182350,joannie.ferry82@yahoo.com,36,179,69,45
195039284423,"Luca Roach",47,1411612833,maxime11@yahoo.com,32,141,74,51
195574862805,"Colby McConnell",59,3722169159,consuelo.littel1@gmail.com,38,175,80,75
195900704220,"Xzavier Park",33,8645685984,mayra.upton51@gmail.com,36,163,68,49
197064816096,"Briana Sawyer",16,9756431457,madie22@hotmail.com,49,183,66,100
198546299524,"Emely Villa",45,6649737801,vivian.bashirian94@yahoo.com,35,148,79,100
199456729302,"Savanna Walter",34,2381546889,fae_connelly72@yahoo.com,24,131,69,89
200403511616,"Alyssa Farrell",59,7355204876,sharon_mcdermott@hotmail.com,34,135,67,56
201420328597,"Spencer McCarty",25,5241124723,amelie7@gmail.com,25,143,80,92
202328289407,"Camilla Khan",16,6185220387,bart_graham38@yahoo.com,23,189,73,62
203006344529,"Josephine Enriquez",39,9887984360,estell35@yahoo.com,30,169,74,61
203476255909,"Victoria Frye",39,8675828253,candida39@yahoo.com,20,190,79,68
204541288969,"Briana Snyder",19,4335780441,dee_cassin@hotmail.com,25,155,72,90
204562059517,"Omari Hart",39,9481858238,jocelyn3@hotmail.com,31,143,76,61
206951253145,"Alfred Maldonado",57,2335152422,nathanael.durgan@hotmail.com,30,186,77,71
207317284524,"Saint Blankenship",27,1636162996,russel.williamson5@gmail.com,30,178,76,86
209208208057,"Saoirse Bradford",54,5690781932,ellie97@hotmail.com,43,189,75,96
211307247216,"Lilian Harrington",37,4712811058,coy.lemke@yahoo.com,21,177,80,47
212807614812,"Ledger Hayden",28,5692004218,maudie_graham2@yahoo.com,34,139,73,45
212892715097,"Dulce Jenkins",44,3739637359,destiney.lang@gmail.com,22,137,74,99
214104188251,"Keira Pena",17,4745909836,chelsea36@hotmail.com,32,137,66,50
214197498870,"Nia Huff",22,9129330251,delfina.deckow@hotmail.com,34,140,68,96
215130327047,"Delilah Russell",56,6941467660,kale_reinger90@gmail.com,45,160,73,49
215764223416,"Lukas Martin",23,6716581986,valentina_swift47@hotmail.com,46,190,76,59
216751193014,"Nadia Underwood",47,8640156762,dahlia_grady87@yahoo.com,32,138,80,88
217788743544,"Derek McCarthy",31,1337428709,heloise_graham@gmail.com,47,134,75,68
218363206541,"Kendra Portillo",34,7313311763,emilio27@yahoo.com,42,154,74,53
218549129009,"Kenji Hill",50,7800554194,scarlett_hilll44@yahoo.com,30,186,67,47
222136632075,"Emmalynn Avalos",53,6377196503,freda23@gmail.com,38,187,73,62
222501047932,"Luisa Watts",28,5114261425,ashton.cole@hotmail.com,46,186,69,91
223875327046,"Luciano Carrillo",32,3689969905,felix.marvin4@yahoo.com,23,169,67,93
225746083511,"Lance Stout",55,5646436280,eulah15@hotmail.com,49,171,72,57
226124961804,"Piper Luna",15,9444765688,vidal_fahey46@yahoo.com,31,150,74,67
226318199750,"Kaden Kline",58,6957038274,arnulfo.fadel@yahoo.com,50,139,77,70
226899903568,"Harleigh Pineda",41,1785074518,madonna64@gmail.com,28,182,72,61
227816377158,"Braylen Herrera",59,5219698471,clovis89@gmail.com,22,164,77,44
229134170214,"Elisha Kramer",46,1246222595,stevie38@hotmail.com,35,172,67,41
230401185812,"Keenan Larsen",15,5170351684,prince_carroll39@gmail.com,31,155,80,79
230794467417,"Anahi Griffin",36,8896160060,edyth.dubuque48@hotmail.com,23,169,79,53
232148499697,"Jude Cain",18,3242026546,leonard.lemke@gmail.com,47,167,80,75
233239860173,"Kody Sosa",30,8914374580,emory.conn@yahoo.com,39,185,78,88
233419117946,"Peter Ray",35,7936896363,mireya_johnson62@hotmail.com,43,148,76,58
233655675280,"Isaac Jarvis",25,5815368719,alda_schmitt@yahoo.com,49,170,73,49
234015500710,"Zane Conner",19,9011829167,arely_schneider65@yahoo.com,30,168,70,48
235071919330,"Alexa Beltran",59,8334157777,christina.mertz77@hotmail.com,22,171,67,94
237706777494,"Makayla Diaz",50,5685669975,peter50@yahoo.com,28,136,71,84
237823713559,"Vicente Dillon",38,1214180669,nina.jacobi68@hotmail.com,31,175,77,53
238170414740,"Samara Peterson",21,5480200919,glenna.hackett@hotmail.com,41,190,65,46
238317611469,"Jose Magana",55,7864253004,rudy68@gmail.com,35,171,71,96
238422396559,"Kaleb Peralta",57,7812966863,sally.nolan@hotmail.com,47,173,79,49
240118546314,"Jorge Flores",52,1443014225,rigoberto45@hotmail.com,30,135,72,48
241872165733,"Reuben Lane",43,8438415208,rickie_wintheiser22@yahoo.com,42,137,71,100
242764338913,"Aliana Costa",26,4583228542,howell_frami@hotmail.com,39,188,68,70
243056372616,"Axel Ellis",26,5737969831,regan62@gmail.com,24,149,80,40
243499661586,"Zora Abbott",33,6333081483,elissa_schiller@gmail.com,47,147,76,83
243977303194,"Keanu Klein",25,5126545846,theron_hayes@hotmail.com,31,143,70,65
244936958133,"Kian Dominguez",43,6735015245,dayna_swift@gmail.com,50,157,69,88
245105359179,"Jolie Charles",41,3805250455,trystan_walter@yahoo.com,23,139,71,48
245699482188,"Sabrina Duarte",39,5195980663,lucy.gerlach75@yahoo.com,23,169,65,89
246942352296,"Julieta Olsen",49,5367757778,kenny75@gmail.com,40,181,76,85
248188997596,"Eden Hull",27,1180761783,darryl_rodriguez@hotmail.com,31,139,72,62
249590460188,"Langston Walton",52,5063452986,enos.hirthe7@yahoo.com,38,147,73,42
249798511045,"Lukas Baxter",20,8114286957,noe_bartell@hotmail.com,27,156,80,47
249895226643,"Ana Berg",46,4958428002,parker.spencer@yahoo.com,40,179,68,57
250158630841,"Lara Mathis",32,5559758704,jayce.okuneva37@hotmail.com,26,142,67,68
250349692021,"Harleigh Shannon",22,6507343376,hope.haley@gmail.com,48,132,80,96
250888557665,"Ximena Spencer",27,9186734757,lila48@yahoo.com,30,130,66,77
251611615645,"Ellis Munoz",60,4551357914,dolly.bogan@gmail.com,32,170,67,65
254523745021,"Alexia Greer",53,3178739015,jamel65@hotmail.com,34,165,68,87
254697467234,"Alisson Poole",29,8170024989,misty_dubuque23@gmail.com,37,180,74,44
254957997463,"Teagan Bryan",38,9421196786,chase.wisoky@gmail.com,37,176,77,64
255476931562,"Maeve Owen",22,2514841366,cristopher63@gmail.com,41,185,79,66
256001116952,"Emir Strickland",51,3988576477,name74@hotmail.com,32,134,70,62
256057333312,"Ensley Daniels",55,3871678606,dario27@hotmail.com,37,141,65,89
258775667026,"Caroline Jensen",42,5154056675,jedidiah_mertz10@yahoo.com,35,134,71,98
260528226382,"Wilder O?Donnell",58,2124783914,al36@hotmail.com,21,174,79,70
261184070886,"Finnley Myers",55,8256445259,cristal.marvin78@hotmail.com,23,185,69,81
261688420575,"Jaylee Washington",27,1331872000,lester_batz@yahoo.com,48,170,71,68
261810695101,"Elisha Marshall",53,7635544541,hudson.armstrong89@yahoo.com,22,178,68,83
262342066304,"Malakai Bryant",49,4207915611,aylin_franecki96@gmail.com,23,172,65,82
262646382571,"Aliza Green",30,7313889777,evelyn.gottlieb4@gmail.com,24,166,70,65
265715389669,"Kallie Park",30,4771013753,loren.denesik93@hotmail.com,46,135,80,86
266197858130,"Jamie Deleon",19,7803080802,eleonore15@yahoo.com,48,184,70,50
266299760000,"Andrew Barton",33,7830745842,kyleigh.kerluke@hotmail.com,32,147,80,96
268602478102,"Elisabeth Mora",60,3020786712,eldred_mraz@yahoo.com,27,142,68,79
269389305287,"Giovanna Burnett",49,4381134976,wilbert19@gmail.com,39,189,71,86
270531867906,"Korbin Webb",48,3450684539,jesse_turner@yahoo.com,24,143,79,62
270754969247,"Braxton Dorsey",53,7606605997,brennan_hand@gmail.com,31,182,80,44
271430770226,"Thiago Arnold",49,5975154728,kaitlin.grimes68@hotmail.com,34,158,79,47
272786592434,"Ariya Hampton",25,2795535042,cathy.king@gmail.com,28,135,73,48
273423001593,"Blaine Bass",54,5545996906,antonia61@hotmail.com,46,152,80,55
273464673937,"Aaron Gallegos",24,5827963924,dangelo_herzog@yahoo.com,24,186,80,71
273770002194,"Leonidas Snyder",43,8470075604,kylee_kilback35@yahoo.com,27,188,65,100
275478850476,"Brennan Soto",23,7159781878,ladarius99@yahoo.com,34,178,72,69
276711859256,"Dominic Wright",49,2313775126,anabel_rowe92@yahoo.com,46,180,68,48
277855126618,"Leyla Wong",21,2189237545,jennyfer.stark@yahoo.com,21,188,69,85
278137399800,"Della Nunez",22,9665637128,concepcion70@hotmail.com,20,147,70,93
278294330716,"Louis Riley",44,8752241860,norberto_schultz46@yahoo.com,28,181,78,71
278798007317,"Callie Craig",52,3415107169,cale.schimmel@gmail.com,48,161,70,79
279478752428,"Kristian Little",18,5865200880,gussie54@hotmail.com,30,148,74,91
279996637433,"Marcellus Gallagher",23,4469542280,monroe95@hotmail.com,40,133,71,74
281828421576,"Phoebe McMillan",31,4876528429,ofelia42@hotmail.com,40,173,80,57
284497327079,"Denise Harrell",23,4102214525,shawn31@gmail.com,22,184,70,84
285062823068,"River Santiago",45,6266753273,rhea_runolfsdottir@gmail.com,40,173,72,68
285090938171,"Rodrigo Francis",17,4495871499,jeramie27@yahoo.com,39,165,67,91
286376508716,"Benicio Hale",31,9591768788,lucious54@gmail.com,48,174,73,71
289816327379,"Lilliana Fletcher",53,7108228735,mathilde83@yahoo.com,27,157,66,48
291096252571,"Finley Kaur",26,2037744872,lisette.davis@hotmail.com,28,154,75,76
292304579537,"Chana Riley",55,3596440450,kristin30@gmail.com,43,149,72,62
294470575600,"Clyde Mayer",28,6382861477,angelo_upton23@hotmail.com,40,176,68,84
295061048859,"Ariana Richmond",15,8655591818,natalia31@gmail.com,39,130,80,70
296576710726,"Dean Colon",52,8342885161,christina_kirlin@yahoo.com,28,173,80,60
297692436122,"Santino Kennedy",40,5069301469,tobin_gottlieb@gmail.com,50,153,66,67
299379968000,"Damien Price",21,1465104996,reva_kunze23@yahoo.com,26,136,68,86
301856277945,"Emmie Terrell",58,5901933306,michele_dooley@gmail.com,30,132,69,89
302493537950,"Cash Garza",27,5845142716,heidi_boyle@gmail.com,33,189,72,44
302702631657,"Anya Wong",50,6361564955,patricia_herman95@gmail.com,21,159,76,49
302892119392,"Elliott Alfaro",56,4414787393,sonya.glover46@gmail.com,50,189,76,96
303254056555,"Sophia Watson",19,8070226246,destin72@hotmail.com,33,166,71,67
304511531806,"Caden Wagner",44,5766026448,corrine8@gmail.com,42,188,76,84
305556853653,"Colby Bullock",49,1735084175,micaela_monahan7@hotmail.com,40,135,70,95
305573610679,"Selena Heath",34,9327003643,maeve.price44@yahoo.com,41,176,74,62
305585761646,"Piper Lane",29,2724030681,kaylie7@gmail.com,42,162,66,70
306208126968,"Mylo Lyons",33,1520404628,name69@yahoo.com,44,189,74,72
306945222289,"Zayn Bennett",29,8889624288,julio_wintheiser@gmail.com,46,139,67,51
307075689375,"Danna Ramsey",27,5265669952,dagmar_larson40@yahoo.com,30,162,71,89
309107419910,"Jaycee Green",32,6481278129,wayne.will@hotmail.com,41,171,71,97
309757058818,"Huxley Maldonado",29,2912209646,theron55@gmail.com,23,152,76,70
311144440819,"Orlando Cain",18,4595851472,terence.crooks@gmail.com,21,185,66,94
312095533249,"Landry Horton",43,4469126503,alessandra_cummerata@yahoo.com,35,139,74,87
312282796366,"Charlie Horton",28,3881097516,marcelo.ferry@hotmail.com,24,187,68,93
312598637431,"Ricky Schaefer",60,5518688736,tito.nolan@gmail.com,41,161,73,47
315099809268,"Taylor Gordon",26,9948625026,hilda8@hotmail.com,48,130,74,44
315852428584,"Weston Benitez",55,1590553602,anais_hintz37@yahoo.com,42,168,77,51
316318920530,"Arjun Christian",46,6529197802,ruthie_heathcote@yahoo.com,23,141,71,67
316568790242,"Taylor Bond",50,4857202286,francesca.barrows@gmail.com,38,151,72,48
316694342533,"Cesar Shannon",36,7069630554,antoinette_bernier37@hotmail.com,21,182,80,90
318113821699,"Paisley Payne",28,7863372621,craig_gottlieb@yahoo.com,35,170,69,64
319328023365,"Alina Bass",58,1020527314,wilburn_kling97@hotmail.com,34,177,69,46
320270811966,"Kenzie Andrade",58,1249809270,cynthia.herman@yahoo.com,30,164,76,73
322102540909,"Kaiser Anthony",45,9022401851,susana34@gmail.com,25,144,69,60
322140002331,"Brittany Felix",60,8902614130,adrain61@hotmail.com,43,183,68,89
323658876806,"Emerson McClure",60,6384375919,nathan53@yahoo.com,50,178,78,84
323871312508,"Hallie Gates",21,2727860574,myron10@gmail.com,37,178,74,96
324712926863,"Axel Ward",21,1671508120,lina0@yahoo.com,40,154,79,99
327252395505,"Zaire Peck",30,9591928046,tatum.blanda@gmail.com,39,161,73,100
328452481470,"Fletcher Portillo",52,7328221272,danielle.paucek6@gmail.com,29,158,79,80
328513891957,"Azalea Nixon",22,5806754997,kali_corkery22@hotmail.com,24,190,79,59
329718230160,"Scarlet Wilcox",34,1689582488,natalie.swaniawski@hotmail.com,29,178,72,98
331110874981,"Adalyn Ventura",20,8026542596,kirstin93@yahoo.com,46,176,76,95
332216588207,"Crosby Morales",60,4061568446,kariane.davis@yahoo.com,26,130,71,87
332900561544,"Fernando Duke",59,9046368472,jettie_dickinson25@hotmail.com,42,171,76,80
335217736781,"Landyn Dennis",56,8533394302,fritz7@yahoo.com,24,174,78,53
335578149486,"Eva Coffey",31,7811924519,johnnie38@yahoo.com,20,133,75,46
335945345850,"Zaid Jackson",43,5286730852,myrtie_rohan@gmail.com,40,172,71,46
336047935058,"Elliana Cantu",47,9353051555,noelia70@gmail.com,50,155,65,76
336133527185,"Natalie McCall",16,9188761757,justen_vandervort93@yahoo.com,34,155,79,95
336323945335,"Messiah Morton",16,8751965259,luella.mraz@yahoo.com,26,171,78,43
336794221964,"Pedro Vo",15,9977603163,kirstin_goyette64@yahoo.com,29,144,69,63
339258349835,"Presley Park",58,1072567321,maryse_flatley@gmail.com,46,163,78,49
341021027076,"Kira Williamson",47,4454035982,noel.langworth@hotmail.com,38,190,77,50
341049407210,"Kennedi Cross",28,6925966753,lucas.sipes@gmail.com,22,170,74,92
343324521559,"Calvin Perkins",29,8524858293,delia_boyle@yahoo.com,31,165,75,82
343691813372,"Amora Solomon",47,1592311267,brittany9@yahoo.com,32,155,68,90
343904626290,"Bronson Juarez",33,4575995657,elmore_wilkinson@yahoo.com,36,189,69,88
345191440207,"Ashton Koch",49,3945566697,ben_lakin74@hotmail.com,47,186,65,62
345336348621,"Junior Preston",33,4511574811,sandy_fahey@yahoo.com,37,138,71,59
345823084531,"Sasha Duncan",52,7087516367,garry36@gmail.com,43,181,78,44
347406314513,"Gia Freeman",51,2662920163,maryam_quitzon67@gmail.com,39,134,76,95
347563713383,"Fernando Abbott",35,3858926405,felipa_raynor@gmail.com,25,176,68,61
347700822376,"Kayla Clements",47,7333987979,dangelo.nolan@gmail.com,48,183,79,42
347772020307,"Felipe Mullen",25,7056960666,akeem44@yahoo.com,32,164,76,62
347990076918,"Kingsley Tyler",29,3480713042,audreanne_haley1@yahoo.com,45,138,65,69
349248935974,"Everett Rojas",47,7551905632,alessia_rosenbaum@yahoo.com,47,185,80,87
349729862544,"Aspen Rich",38,4558104657,vivienne.swift10@yahoo.com,38,162,67,100
351064309093,"Bradley Vasquez",46,6984823308,owen_davis98@gmail.com,21,176,75,93
351189724042,"Lyra Conrad",34,2830986876,buford.rohan@gmail.com,22,177,78,80
352920958199,"Edgar Bond",47,6928520527,eveline.flatley83@gmail.com,28,186,78,77
354947904580,"Roman Hebert",53,4734575708,delia.armstrong@hotmail.com,31,143,76,67
355506370984,"Dion Tate",59,6043125706,rico69@hotmail.com,25,154,80,86
357703560286,"Mikaela Portillo",51,3969797375,amara.paucek@hotmail.com,36,136,71,44
358013368881,"Zahir Underwood",34,6943900964,ebony37@yahoo.com,28,136,69,78
360643401833,"Amalia Mata",39,8652110144,edwardo.schiller@hotmail.com,20,171,65,97
362549994538,"Muhammad Carey",34,8872025976,layla.lind@yahoo.com,36,175,74,98
362830062757,"Turner Flowers",41,9645732147,tiara.fay@gmail.com,50,165,66,59
363253627946,"Malani Vega",26,6283912839,ryley.watsica@gmail.com,43,145,80,88
364079060451,"Scout Ashley",21,8719374329,jarrell_veum@hotmail.com,29,133,72,74
369309549219,"Bodhi Hood",57,6193094957,mariano67@hotmail.com,42,139,78,87
370543288469,"Kasen Joseph",17,2652168899,jean_dietrich89@hotmail.com,44,155,73,49
372758845273,"Fisher Wall",23,9122384014,dandre17@yahoo.com,34,187,76,86
373624121716,"Alena Lamb",40,4122967750,marquis.doyle92@hotmail.com,40,182,78,96
374669846036,"Baker Gentry",40,1961962096,estelle.wyman@yahoo.com,35,165,72,58
374823565163,"Jaxson McCann",41,8866129753,ulices.mccullough16@hotmail.com,36,169,80,90
376702211762,"Stanley Acevedo",47,8181688225,lia.quigley10@gmail.com,29,181,78,87
376818874720,"Rayan Walton",26,8279753743,eino84@hotmail.com,39,135,79,44
377035608613,"Brycen Roman",32,7789277823,annamae_hodkiewicz@yahoo.com,25,159,78,88
377284318303,"Skye Cordova",30,7335760841,haylee_shanahan@gmail.com,34,169,68,86
379219578373,"Cassidy Hampton",18,8311228142,maria.bosco65@gmail.com,40,151,74,59
379516154600,"Magnolia Adkins",53,2556560728,courtney15@yahoo.com,26,150,80,46
379590667056,"Adler Decker",48,3240862673,zachery33@gmail.com,43,154,66,60
379791158603,"Kian Reynolds",60,5438521285,roman.rath@yahoo.com,37,166,77,52
380452627594,"Davion Hail",17,2894276849,earl_morar@hotmail.com,20,155,72,94
382072615064,"Milana Goodman",42,4287512584,myrl20@yahoo.com,24,133,67,54
384373196798,"Wallace Booker",57,7255308581,jillian.pagac92@hotmail.com,31,184,73,48
384840754541,"Winnie Schaefer",19,8125327156,gilberto_fisher74@gmail.com,23,144,80,96
386125799004,"Luke Lindsey",43,4854109281,katherine4@gmail.com,38,161,69,73
386282290410,"Christian Flynn",47,4763999859,garret7@gmail.com,49,162,65,89
387662013568,"Ainhoa Leonard",19,6253783038,ivory_schuster@yahoo.com,46,182,71,89
387864024999,"Frida Huynh",18,8812632287,sedrick7@yahoo.com,40,165,72,77
390252239885,"Rosalyn Shields",25,5142570277,roxanne_goyette41@hotmail.com,33,184,68,64
390482292164,"Thiago Wang",55,6671036354,cristobal3@yahoo.com,20,144,73,54
391350164664,"Brodie Marquez",60,4356990704,amara_gerlach@yahoo.com,48,154,79,64
391903133010,"Marcellus Medina",49,7773492425,lonzo_dickens@gmail.com,21,175,65,69
393900053752,"Joyce Barnes",48,9719205505,ernie.streich44@hotmail.com,45,132,72,43
394540777950,"Alaina Villalobos",19,8817927434,mathew_koch24@yahoo.com,23,133,79,84
399129127608,"Gia Holland",25,6059402041,carole9@gmail.com,20,158,80,66
399154539431,"Mariana Gibbs",34,6834336106,ethel_deckow88@hotmail.com,43,167,73,48
399357808164,"Emiliano Bell",30,4481483834,velva_bailey@hotmail.com,21,161,78,91
399816868678,"Rory Madden",36,1187404211,rae13@hotmail.com,44,160,76,78
403405820870,"Louisa Costa",58,8558622790,nedra19@yahoo.com,29,187,65,94
403558766132,"Ander Glass",25,9555172233,emelia77@yahoo.com,42,170,67,84
405555466540,"Ella Cannon",57,8670392316,zoila.effertz@hotmail.com,38,141,78,88
405701907062,"Rosalee Thompson",15,6998955426,ruth.ratke@hotmail.com,37,170,68,48
406389946208,"Lucas Mata",60,9361959519,brianne21@gmail.com,36,188,77,85
406757686427,"Kairi Cabrera",52,8677067343,joana_armstrong61@yahoo.com,23,143,78,79
407097017645,"Elaina Barber",36,7621448072,sheridan45@hotmail.com,37,174,69,49
410601528424,"Bryant Wolfe",22,3441545663,alfonzo_ernser49@yahoo.com,43,154,69,87
411356743728,"Jordyn Branch",34,9123503242,cathrine_bergnaum38@hotmail.com,48,179,70,53
412651970279,"Cain Schultz",51,4430107798,betty_davis23@gmail.com,43,143,70,99
413142895874,"Averie Huff",23,5546095993,greyson.weimann@gmail.com,23,141,78,44
413739297426,"Rivka Skinner",51,2574448711,johnathan.jones@yahoo.com,36,174,79,85
414050516996,"Ace Petersen",28,4139047083,nathanial.schneider@hotmail.com,22,135,65,59
414574837637,"Clare Dennis",32,8064729254,mohammad_haag13@hotmail.com,48,171,68,80
414991144506,"Kaylani Bean",31,7809148936,bennett39@gmail.com,26,156,73,75
416683036116,"Kyleigh Orr",25,9648396965,jaclyn_kreiger94@yahoo.com,28,168,75,98
421017314877,"Jocelyn Moss",48,6446002251,aracely19@hotmail.com,24,153,75,53
421187967982,"Beckham Lara",54,5758190269,gladyce74@yahoo.com,45,169,72,78
422192678834,"Diana Hoover",41,5528008745,patricia_nicolas32@hotmail.com,35,137,72,66
422551149467,"Brianna Quintero",49,6285850390,celia58@hotmail.com,45,133,68,99
422582259253,"Oaklynn Marin",15,6308525124,rowan1@gmail.com,37,188,75,73
424245271649,"Augustine Walters",56,8784387605,keeley_feeney21@hotmail.com,20,153,65,66
425209214937,"Estrella Webster",33,6304860667,efren_price82@gmail.com,47,168,72,56
425404257120,"Dream Buck",15,8812713544,bettye72@yahoo.com,43,141,77,72
425511626603,"Spencer Riley",42,7748589589,cloyd95@hotmail.com,39,158,73,48
426795785042,"Vienna Wang",59,9652718882,adelbert_hamill85@gmail.com,38,147,75,53
427861537664,"Damian Hood",31,6140856115,serena.metz7@yahoo.com,26,163,79,50
428002304041,"Alaiya Stuart",32,2868394944,sylvester61@yahoo.com,41,140,75,44
429874779086,"Zoie Payne",54,7836203263,stacy_hermiston96@yahoo.com,23,173,71,69
430083920666,"Tony Marshall",60,8708816900,barbara86@gmail.com,43,184,76,88
431837863055,"Crew Rosario",60,7111056826,antoinette_koepp10@yahoo.com,32,176,75,77
432945477888,"Adaline Wheeler",43,1275138405,kathryn.cremin@gmail.com,30,144,76,81
434418694225,"Amani Peterson",52,2677885926,darrick37@hotmail.com,30,166,76,66
434432977809,"Oaklee Long",45,2698839046,clark.kirlin@gmail.com,36,148,66,88
435891059692,"Ty Clay",36,2094743747,ibrahim.borer@yahoo.com,39,176,75,67
436026250703,"Brian Bentley",18,4655610738,adolphus.cormier88@yahoo.com,45,189,73,75
436422763379,"Jazlyn Miranda",25,9547584127,gerry.nader@hotmail.com,44,153,77,46
437288857280,"Andy Marquez",30,6656950028,reba.heller73@gmail.com,25,139,77,69
438086795196,"Mallory Sexton",59,2633054290,virginia54@hotmail.com,27,170,80,68
439117110889,"Alondra Vaughan",42,6581204302,bart_jakubowski@gmail.com,39,136,70,86
439276771227,"Ace Mathis",54,2224938753,claudine.wyman@hotmail.com,39,175,71,95
439377669409,"Marcel Weber",56,5570396089,herman.hyatt99@yahoo.com,50,147,65,75
439985806928,"Hayden Powell",60,1184722368,keanu.runte65@hotmail.com,39,178,66,87
440235113938,"Rosa Sexton",36,6126782229,forrest24@yahoo.com,32,179,73,59
440306726551,"Brooke Walton",54,7148213104,rodrigo24@hotmail.com,33,135,75,73
440508605018,"Luella Santiago",42,1717294979,orville29@yahoo.com,28,145,75,88
440696116251,"Scarlet Acevedo",22,9684065740,garland2@hotmail.com,46,160,80,90
441280074783,"Lia Villegas",27,6580760266,josiane.roberts18@yahoo.com,20,178,69,100
442007044608,"Odin O?Neal",23,9809539191,marjolaine_bogan5@gmail.com,32,163,73,89
443222732107,"Maddison Marsh",57,8462953217,maryjane99@yahoo.com,38,161,77,53
443694460400,"Ishaan Barry",42,2529994955,cristian_bashirian8@gmail.com,49,137,70,91
444112877079,"Heidi Atkinson",29,5450654082,cory42@hotmail.com,22,178,74,64
444119625291,"Thatcher Payne",25,8932955731,amie30@yahoo.com,50,134,72,93
444256095944,"Azariah Barrett",40,9940098442,keara_anderson@hotmail.com,39,138,76,70
445121355423,"Winnie Bender",48,2070413949,myron.hansen@yahoo.com,25,140,76,74
445242551478,"Nola Fleming",58,5577409498,hannah85@gmail.com,25,139,78,74
446105147901,"Rory Delacruz",53,3445900819,dusty46@gmail.com,36,186,73,48
446676911269,"Edward Hall",17,2546943510,hettie.purdy@hotmail.com,34,153,76,52
448160973806,"Gracelyn Atkinson",19,9871706081,oren.quigley@gmail.com,50,177,74,51
451639057703,"Archer Villa",40,7384551696,alba.ferry@yahoo.com,34,176,72,40
452142757566,"Cara Gould",22,6547640349,odell.kerluke72@gmail.com,40,164,71,58
453868143013,"Reign Enriquez",37,6977757465,brenda.bernhard46@hotmail.com,21,179,74,62
454871536668,"Amy Roberson",34,2895993582,citlalli15@hotmail.com,26,180,69,71
455291099301,"Shepard Townsend",59,7908032453,prudence_koss80@hotmail.com,42,132,69,46
456228354335,"Mira McDonald",59,8406927729,carter_wolff6@hotmail.com,46,146,65,61
457120815169,"Duke Clements",53,5259303482,abdiel_osinski@gmail.com,38,148,80,45
457396261321,"Abraham Delacruz",40,9159833121,darren55@hotmail.com,32,161,68,93
457804905978,"Rosalee Morgan",33,9150678646,alfreda_christiansen7@gmail.com,24,181,73,41
459198630185,"Jaxtyn Dougherty",23,3623939894,myrl66@yahoo.com,43,176,73,94
459253633789,"Jesse Jacobson",38,9666841850,edmond_prosacco18@hotmail.com,50,155,65,66
459279455997,"Knox Fry",49,1296258792,simone.hills@hotmail.com,21,151,65,89
459510233429,"Zechariah Greene",35,4245860334,jeanie72@yahoo.com,33,138,78,92
461196781483,"Kenji Graves",29,4558449305,kirstin29@hotmail.com,28,141,68,73
462224086475,"Adeline Gallagher",46,4208471162,jimmy29@yahoo.com,36,130,76,73
463789554623,"Sabrina Hanna",24,8712670691,stanley.monahan@yahoo.com,37,136,74,87
464016951721,"Ashlynn Harding",42,3676604911,elenor_hilpert58@hotmail.com,30,190,69,80
464136540681,"Esteban Rose",53,1001593180,rodrigo_stanton@gmail.com,36,143,67,89
464458394084,"Darius Gomez",57,1233671606,hellen.sauer36@hotmail.com,44,164,70,51
465882145328,"Kyro French",37,3512848556,kiley.zboncak@gmail.com,50,183,74,46
466318343103,"Quincy Chung",43,8538581749,iliana_howe@yahoo.com,45,135,79,90
466417694150,"Ophelia Quintana",58,4182700768,clinton_walter@hotmail.com,24,148,78,98
468102291458,"Florence Rubio",34,8006237852,frederic_fisher20@hotmail.com,46,146,72,83
468609983555,"Jocelyn Leal",16,4932454609,wayne52@gmail.com,32,179,67,73
468888082953,"Elaina Bailey",21,5029791249,alfredo_lemke56@hotmail.com,44,186,66,75
469049961717,"Darren Hughes",59,1929323021,janiya.lindgren@hotmail.com,38,139,65,93
469403852063,"Natalie Dixon",35,2820492220,filomena.harber@yahoo.com,28,142,73,90
469454238060,"Elsa Reilly",21,2490276736,arnaldo.barton@yahoo.com,40,152,65,94
469972457634,"Denver Madden",34,1740673153,gennaro22@yahoo.com,47,130,69,85
470071202012,"Enzo Christensen",20,5005473666,tad.watsica@gmail.com,46,164,79,80
470665909031,"Carly Carpenter",52,5696373622,brayan.ritchie@yahoo.com,32,187,78,76
470780288713,"Edward Dalton",28,4685800419,marianna_murray@gmail.com,30,168,75,93
472447107940,"Celeste Long",54,6541371272,lenora75@gmail.com,45,176,72,89
473448421152,"Ellen Macias",57,9451569909,keagan46@hotmail.com,44,139,77,94
474471051907,"Raina Prince",42,7144124182,tom_cummerata49@hotmail.com,39,169,77,93
475130335916,"Marlon Hansen",24,2864421524,fred_marquardt40@hotmail.com,33,174,65,67
475271271891,"Kendall Bell",45,4967785851,una.lakin@gmail.com,42,177,77,98
475305743686,"Franco Monroe",34,3346958804,florencio.swift7@gmail.com,43,138,78,72
475963686499,"Layton Griffin",47,1049719741,eileen_rolfson58@yahoo.com,21,155,73,66
478473176205,"Hadlee Tran",56,6008393114,kaycee.bashirian46@yahoo.com,25,162,78,54
479248873222,"Desmond Massey",24,7761704805,clementine.tremblay11@yahoo.com,33,162,80,93
481489430651,"Jensen Anderson",26,2885783605,mason_brakus82@gmail.com,27,186,77,56
483138798206,"Mavis Pratt",51,7012657754,ronny_kuhic45@yahoo.com,33,142,75,66
486152277826,"Amari Lu",19,1255891484,easton10@hotmail.com,27,164,76,41
486317377251,"Camden Rojas",19,7794681070,tristian_dickens@hotmail.com,20,175,74,97
486617420363,"Colette English",43,3074352961,giuseppe.grady55@gmail.com,29,141,75,99
487842926207,"Lane Beil",29,5153537673,ashleigh.stark@yahoo.com,26,177,71,63
488885259662,"Gracelynn McIntosh",32,1268891883,maybelle.jacobi@yahoo.com,36,149,71,56
489545199096,"Mercy Rangel",26,2551730999,stanton8@yahoo.com,26,139,80,70
492792990873,"Bryson Mills",43,4683161626,edgardo72@yahoo.com,32,145,77,52
492808705453,"Cayson Richard",51,8233746741,moses9@yahoo.com,37,137,76,41
493550115883,"Artemis Booth",47,6127072879,wayne.bode@gmail.com,48,133,69,96
493787518779,"Yahir Jackson",23,5315057091,geovanni.morar78@yahoo.com,31,190,79,58
494912689524,"Knox Lara",19,2527091950,chance.bartell@hotmail.com,45,186,72,71
495121782524,"Jay Soto",34,8821642988,cara.nicolas@yahoo.com,25,148,78,65
496345417537,"Alejandra Hartman",26,3381510924,terrance.rolfson86@hotmail.com,30,159,73,75
496530223410,"Turner Lindsey",52,1557529003,maiya_tillman@gmail.com,23,182,67,86
498504560495,"Ailani Underwood",22,4339712175,reyna.aufderhar21@hotmail.com,33,177,77,65
498998402803,"Kayson Leon",39,4360203635,rosalinda_olson@gmail.com,22,176,77,93
499660550297,"Marley Hickman",21,7129981494,mozelle76@hotmail.com,38,131,66,48
500979201461,"Clare Garza",59,3007764479,uriah_runte@yahoo.com,25,137,77,76
501158748281,"Prince Houston",19,4341710527,aurelie_durgan6@yahoo.com,23,144,66,58
501682677885,"Layne Trejo",56,8384610662,dayton51@hotmail.com,26,172,66,95
502020936285,"Logan Kennedy",35,3001612946,pansy49@yahoo.com,37,155,67,84
503540326372,"Braxton Herman",26,2903103200,vella.moen@hotmail.com,37,185,69,61
503555817624,"London Haley",31,2925263948,orlando70@gmail.com,25,182,74,79
508007181934,"Lennon Crane",55,2365175387,ambrose86@gmail.com,45,136,75,60
508114725810,"Victor Dunn",53,4620831691,robyn_durgan@gmail.com,24,137,72,71
508951012262,"Catalina Saunders",50,9099472584,adrien5@hotmail.com,39,162,74,71
509373344519,"Kohen Wilkins",38,1299598375,marina_kuhn90@yahoo.com,43,189,69,95
509902256790,"Abdullah Fowler",40,4526662555,caroline_gleichner@gmail.com,21,137,69,60
510586098081,"Cory Payne",45,9918516974,nedra.von50@yahoo.com,32,151,68,81
510842399367,"Arjun Jefferson",58,3141771724,elbert.marvin49@hotmail.com,42,166,71,86
512404938906,"Jaylin Walsh",45,2995917197,dimitri.rowe@hotmail.com,25,151,74,60
513181097754,"Ishaan Rangel",59,3070504406,rhiannon42@yahoo.com,22,160,76,73
514399852447,"Rodney Schwartz",40,7757240993,brando.kilback1@hotmail.com,45,138,65,78
514905220970,"Waverly McDowell",51,4160650250,jaleel58@gmail.com,50,170,68,72
517405191934,"Kendra Norris",57,3970169600,sonya.champlin@hotmail.com,36,131,67,63
519518548087,"Karen Lloyd",36,6933548098,dashawn_paucek56@gmail.com,20,179,65,56
520236545161,"Ruth Alvarez",41,5634619226,regan25@yahoo.com,47,164,66,51
520436538616,"Stormi Howell",57,1064493547,camila.mclaughlin81@yahoo.com,30,163,73,83
521783456979,"Zavier Erickson",52,8337279477,bernadette_hamill@hotmail.com,45,178,67,65
522068173176,"Ensley Kline",21,8934845244,donato_schmeler@gmail.com,20,183,78,98
522638506407,"Lennon Morris",45,6093207614,donna_sporer3@gmail.com,24,149,66,76
524137510652,"Everest Potter",46,6680924459,vicky_jerde54@yahoo.com,29,157,72,63
524495435672,"Rayna O?Connor",50,7920016255,kieran_jacobs27@yahoo.com,33,137,73,100
525082164115,"Michaela Morrow",57,4351379335,madonna85@yahoo.com,32,170,78,42
525216634653,"Garrett Harper",31,4378766443,twila_kerluke@hotmail.com,23,142,71,84
525834206714,"Gustavo Ballard",45,3980312229,joshua.borer46@gmail.com,37,177,80,74
526437071895,"Rose Bautista",37,1733845198,esther63@hotmail.com,45,145,78,67
526804798298,"Tiana Sexton",59,2280294091,colt.carter@yahoo.com,47,159,70,61
527347956754,"Easton Patrick",52,9406625103,ena.tremblay@gmail.com,47,137,65,57
528413174082,"Lorelai Michael",58,5252454811,marilie55@gmail.com,49,179,72,81
529369569346,"Aviana Snyder",50,5383061593,vicente10@hotmail.com,45,144,65,77
530525773883,"Andi Douglas",38,3394104540,demarcus.jast40@hotmail.com,46,148,76,69
531950802368,"Jordan Whitaker",54,9349933126,ashton.kling@hotmail.com,21,171,73,71
531971653091,"Lian Nolan",60,1769477436,mallory44@gmail.com,24,153,76,51
532247417461,"Jerry Raymond",57,1481970684,carmine58@yahoo.com,33,161,65,43
532637908167,"Jennifer Hawkins",17,9835497918,angeline.raynor@gmail.com,22,186,73,44
537625476918,"Legacy Ali",51,7766917650,odessa.haag83@gmail.com,45,151,79,88
537643845450,"Calvin Gilbert",52,2919538555,dixie.dicki@gmail.com,41,163,77,67
538472086969,"Arturo Jones",25,9646090429,mylene81@yahoo.com,46,146,75,63
542901377964,"Emiliano Arnold",36,3559381327,lorna.torp@yahoo.com,28,159,72,78
543952763889,"Samara Summers",18,6075601450,kory72@yahoo.com,47,170,71,92
544990225887,"Cash McDowell",30,1925605595,hollis_douglas@gmail.com,38,161,71,48
546124362125,"Rayan Rocha",26,7122317261,harry62@gmail.com,43,176,72,99
548160691907,"Bristol Sims",33,2069411200,wendell_durgan@hotmail.com,44,134,80,57
548616312040,"Itzayana Leach",60,5083834590,delaney_kassulke22@yahoo.com,50,159,74,61
548851703052,"Kelvin Rangel",32,5881486416,malinda_berge@yahoo.com,44,132,73,93
548932736383,"Anaya Romero",43,6103567075,mitchel_spinka8@hotmail.com,28,185,78,61
549051260090,"Daxton Morse",20,4158046788,manuela.rogahn@yahoo.com,22,143,70,58
549704139086,"Kyree Bradshaw",24,8236887607,johanna.glover55@gmail.com,44,178,72,74
550180141221,"Hazel Beltran",39,6815692968,luella88@gmail.com,42,182,79,95
552295306322,"Emilia Blackwell",41,4252126752,joanne.farrell@gmail.com,42,156,79,88
552306590614,"Freyja Patterson",26,7034898895,jamel_sanford@hotmail.com,47,173,67,73
552436737172,"Elliana Reeves",19,8976961278,kieran.mante@gmail.com,47,158,78,93
552948818930,"Jaylen Gill",20,9261982383,ewell.spinka1@hotmail.com,43,159,72,97
553389939578,"Jaden Chang",41,8198618504,margarett.dach@gmail.com,49,138,68,76
553536208264,"Anais Wall",37,6911786537,tiana_crona@yahoo.com,45,136,69,62
555825721245,"Kelly Vu",52,4348206595,carlie10@gmail.com,23,150,78,82
555989835665,"Elliot Patrick",53,4604550520,wilhelm_koepp@yahoo.com,44,155,72,88
559821125505,"Hope Dunlap",36,1484620410,audrey.macejkovic@hotmail.com,34,161,71,79
561151801896,"Journi Stokes",20,3338367696,julio.casper@gmail.com,40,150,71,43
562666201872,"Cade Wheeler",54,8672335471,abbigail_bashirian@yahoo.com,30,174,77,40
563099074347,"Greta Graves",35,2344633562,maude_dibbert@yahoo.com,21,182,66,79
563366443653,"Hadley Lucas",28,6454911675,johnathan_mosciski@hotmail.com,36,180,77,53
564433797201,"Melanie Ventura",16,6727054511,maud9@hotmail.com,24,162,79,77
564484438958,"Melina Guzman",42,4646447040,owen_beer@yahoo.com,29,133,76,72
565840973347,"Adelyn Meadows",58,2865866887,laverna_nolan@gmail.com,28,163,74,74
565977070872,"Treasure Cameron",59,6170207363,brendan44@yahoo.com,33,132,76,67
566472183966,"Jasiah Berry",37,8799017618,erik_koss@gmail.com,34,141,72,48
567079143816,"Xander Diaz",29,7690334366,bo_hayes@gmail.com,31,148,73,79
567635866331,"Leonard Sexton",60,8406848933,brice.bernier40@yahoo.com,31,132,71,60
568392214918,"Moses Crane",16,9324014642,osbaldo.gislason@gmail.com,25,174,78,73
571780574918,"Olive Strickland",15,3503861638,emmet_heidenreich@yahoo.com,40,138,79,84
572648960829,"Samantha Riley",57,7057833042,boris73@yahoo.com,49,133,72,73
573373665607,"Alec Castaneda",19,4707660721,bert18@yahoo.com,47,168,65,57
573596813492,"Emmett Stewart",45,3497650216,burnice18@yahoo.com,27,156,73,74
575180646362,"Vincenzo Schmitt",47,6246418676,madisyn.bartell@hotmail.com,37,155,76,45
578070084650,"Rio Valencia",18,1441395214,marge_dubuque11@hotmail.com,35,176,80,56
578687017280,"Belle Pugh",53,1059415802,brycen64@yahoo.com,26,169,67,53
580605818092,"Emely Hampton",51,3611551196,idell95@gmail.com,22,131,79,40
580674676195,"Briella Andrews",26,4467620603,vicky_halvorson@yahoo.com,42,165,73,76
580880207898,"Lennon Gonzales",16,8875007006,emmie48@yahoo.com,39,137,71,72
582229311470,"Emory Benjamin",60,8136237197,malachi74@gmail.com,25,137,74,99
582522900989,"Emanuel Baker",18,8500241096,cayla_krajcik@hotmail.com,23,152,79,82
582852106751,"Madeleine Daugherty",21,5676672484,madaline10@gmail.com,32,161,77,91
583630257270,"Harlem Blankenship",42,9542943430,emely_davis1@gmail.com,49,131,72,77
585850311710,"Sevyn Aguirre",48,9082654684,aliza_mayert@hotmail.com,32,178,69,47
586206475922,"Brantley McKay",24,5000316058,edna_shields49@gmail.com,31,169,69,96
586465246132,"Gerardo Orr",41,3309697548,willis.bauch@gmail.com,39,145,72,78
587752036952,"Raul Byrd",44,2134590045,reese.douglas@gmail.com,31,155,70,61
590188168537,"Davina Zamora",50,1411897156,phyllis85@hotmail.com,49,142,75,72
591051297558,"Elaina Ali",53,3767965178,kristopher.gaylord57@gmail.com,30,161,80,51
592407549022,"Otis O?Connor",27,1364979151,estefania_wunsch@yahoo.com,41,132,66,98
593800675906,"Davis Evans",53,3963622229,curtis.schuster@gmail.com,36,156,67,72
594695027838,"Titan Medrano",32,8667266667,kristoffer27@hotmail.com,20,135,66,41
594796567088,"Kailani Madden",40,2234128687,marcelle71@gmail.com,21,171,79,42
594802330398,"Loretta Sims",51,2111107984,kirstin38@hotmail.com,27,177,72,73
596495743714,"Halo Hughes",31,3098746016,aracely56@yahoo.com,27,152,66,75
596563270567,"Bellamy Lawrence",60,4723331516,bryce17@hotmail.com,24,155,74,88
597087674496,"Jaiden Frye",45,9480029368,lucious.heidenreich93@hotmail.com,46,186,67,93
597428126641,"Malaysia Davis",48,4536817997,rachael_frami@yahoo.com,31,173,71,57
597479394929,"Milan George",18,3430990602,scotty.leffler72@yahoo.com,35,137,73,76
598439753324,"Lochlan Stafford",60,3367941076,alanna52@yahoo.com,41,133,71,88
598755766513,"Everest Garza",59,3711321212,kaitlyn_volkman@yahoo.com,27,152,67,86
599188925836,"Avery Mejia",53,1592712068,johnathon13@yahoo.com,50,169,79,99
599391930664,"Julian Gomez",52,1911918893,will.bergnaum@hotmail.com,28,176,78,100
599539751025,"Kylie Snyder",27,5614531145,flavie32@gmail.com,20,185,74,95
599791280479,"Dante Stark",53,1476347559,harrison15@yahoo.com,45,150,70,49
601729081441,"Nathan Spence",45,2238512324,sage13@gmail.com,27,159,79,65
602679165353,"Leighton Everett",17,4139273596,madyson.greenholt@gmail.com,33,144,78,60
602816308425,"Maryam Anthony",21,5069510537,savanna_schinner45@yahoo.com,31,153,67,77
603841869143,"Yahir Herring",50,7607820543,marcella_mcdermott23@hotmail.com,35,152,75,96
605395175947,"Raina Stuart",31,6670119714,onie25@gmail.com,21,186,79,55
607440862438,"Sylvie Benjamin",21,9189553785,mervin78@gmail.com,46,178,77,47
607445346064,"Bridget Landry",25,2605235397,hal_schroeder@yahoo.com,34,189,78,77
608916787753,"Avery Thompson",41,6460326104,ciara54@yahoo.com,31,163,75,97
610265978204,"Moises Beck",47,9243880907,rosalind.altenwerth85@gmail.com,32,130,78,42
611380602169,"Aislinn Parra",43,7647466344,alysha39@gmail.com,29,141,80,62
612017675910,"Oaklee Cross",59,2583304583,carmela.jenkins35@gmail.com,44,162,78,81
614464032666,"Callum Meza",56,4007886764,odessa.klocko@yahoo.com,27,183,67,79
615228804085,"Ulises Rios",41,8207545231,abdul7@hotmail.com,35,175,77,80
618395583778,"Alora Blackwell",29,1756943586,darwin.fisher@gmail.com,37,131,70,89
618501608632,"Kian Pugh",54,4484172256,vincent9@hotmail.com,43,135,67,72
620862051219,"Otis Barron",47,9099269724,norberto_weimann@gmail.com,21,162,73,82
621445334236,"Nia Walker",33,4376966862,edmund48@hotmail.com,40,136,78,47
626629133382,"Milani Payne",43,1284645052,emmie_durgan@yahoo.com,38,134,67,92
628138544430,"Ari Whitehead",23,5264368626,nyah_friesen31@yahoo.com,25,166,75,91
628722151503,"Elyse Pena",20,4290624595,okey70@gmail.com,45,179,78,55
628757335722,"Paulina Liu",48,2301690719,carolina63@hotmail.com,49,169,66,41
630153830241,"Luca Bush",37,4800989846,pink.cummerata@yahoo.com,50,141,75,75
633364872606,"Milani Robertson",45,7211541056,gideon_cartwright67@yahoo.com,29,136,74,74
635293219023,"Avah Cabrera",58,9078468294,gideon56@yahoo.com,35,185,67,87
635451710719,"June Robertson",26,7979332789,francesca.fadel46@gmail.com,41,150,76,42
638753267728,"Itzayana Murray",33,2779393724,samanta80@hotmail.com,45,165,76,67
639888168050,"Johanna Le",28,1106545645,destini.hamill46@yahoo.com,45,186,79,95
640756777846,"Aron Norman",55,4683953896,guy92@gmail.com,26,180,73,93
641501848826,"Jaiden Gates",54,1254936814,kaitlin.kling@hotmail.com,49,157,76,65
642942206104,"Lily Ponce",37,4227107346,leslie_lowe30@yahoo.com,23,169,74,75
643912224838,"Kendrick Roberson",43,4210120009,kaitlin33@yahoo.com,50,149,67,84
645026715339,"Brayden Waters",31,1054544268,cristal_romaguera87@gmail.com,48,141,74,67
645681552238,"Skyler Vaughn",52,7672582472,kobe62@gmail.com,24,145,71,62
646934985918,"Roger Chung",31,1397687164,lucinda_rosenbaum@hotmail.com,49,181,78,92
647341476227,"Bryson Dyer",57,7604777142,rosalinda.goyette@hotmail.com,28,177,80,93
647935752911,"Rosa Cameron",56,8815924199,margaret.orn@hotmail.com,39,175,76,79
648587611951,"Justin Snow",37,1886315207,donny6@hotmail.com,28,143,71,94
649653998704,"Albert Price",44,8796476885,krystel_hammes36@gmail.com,37,164,71,88
652133239044,"Maxwell Chandler",40,1424440776,yolanda_bruen@yahoo.com,36,160,66,53
653238534960,"Solomon Watson",42,4494183653,deondre.farrell@gmail.com,41,149,73,80
653686340606,"Corinne Beasley",30,3553138232,jamaal_zieme53@yahoo.com,32,166,69,46
654127540897,"Halle McCoy",33,1470797292,vivien.gusikowski63@hotmail.com,29,175,77,67
656238999859,"Conrad Hanson",56,9450974787,alba30@gmail.com,21,136,72,53
657972918680,"Berkley Spencer",40,9005482915,iva_morar@hotmail.com,38,159,68,53
661246718694,"Rivka Gutierrez",51,8089643394,keith_runolfsson61@hotmail.com,45,174,71,76
662764536476,"Thea Acosta",18,5695958978,marjolaine_stiedemann10@gmail.com,38,134,75,46
664542657574,"Franco Walters",43,5529057552,jena.bartell66@gmail.com,35,150,67,50
665518379323,"Brynlee Novak",39,3321776849,jaron75@gmail.com,24,179,80,50
669521529481,"Hank Calhoun",48,8434783578,madison.thiel95@hotmail.com,39,174,70,71
670899024236,"Della Bowers",33,8275590744,tanner38@hotmail.com,46,137,65,74
671994667010,"Elodie Harmon",37,3870345965,dessie80@hotmail.com,48,175,80,71
673737611352,"Marcus Medina",18,2590326408,kory.ondricka@yahoo.com,28,184,79,56
674477064857,"Jacoby Tang",49,2414321525,margot_legros49@gmail.com,47,137,80,64
676376093215,"Dilan Murillo",20,1672943365,hortense77@yahoo.com,41,188,78,69
677012945617,"Musa Ramos",46,8796424630,carissa_stiedemann83@gmail.com,48,145,77,99
678021269041,"Santana Bullock",30,7032393833,stephanie_kshlerin37@yahoo.com,39,150,71,61
678712417059,"Angelica Huber",35,4693997985,edmond41@yahoo.com,29,131,79,49
679905494889,"Harrison Stanton",56,9681989825,stuart11@gmail.com,23,131,74,53
680197195028,"Tomas Harper",50,3748527605,jovanny.beer44@hotmail.com,50,150,69,93
680370629874,"Mac Doyle",52,3277225949,jody52@gmail.com,29,130,73,74
681164143692,"Beckham Burch",20,8878629761,oswald91@yahoo.com,38,137,67,54
681228232879,"Ari Figueroa",26,4592939434,franz_bailey@yahoo.com,35,145,78,81
682381191727,"Tori Figueroa",16,9647567524,elfrieda_stracke90@yahoo.com,40,135,76,68
682449011779,"Jason Shepherd",21,8664164836,marietta82@gmail.com,38,173,66,59
682992761423,"Journey Robertson",48,9474451359,madalyn.sporer@hotmail.com,32,155,75,64
683574799237,"Rodney Jimenez",18,4314889836,anderson_cormier86@gmail.com,40,175,71,56
684282007769,"Cairo Prince",49,4651278514,jonathan.brown@gmail.com,46,183,78,93
685581783629,"Amaris McCarty",60,4593401477,carlo.kris@yahoo.com,46,178,78,100
687160686521,"Daniella King",35,4804671083,kiel_hintz97@hotmail.com,24,164,80,80
687353844896,"Damian Arnold",18,3648056856,ava14@yahoo.com,48,161,68,53
687630725343,"Harley Solomon",60,2129167494,bonita.beatty46@gmail.com,21,142,73,43
687664339771,"Lylah Ali",16,9816570580,charity_davis90@gmail.com,44,186,75,49
690326138750,"Dominick Stone",28,1468168543,karelle5@gmail.com,35,185,72,99
691361953605,"Ray Welch",31,6746072549,marley94@yahoo.com,24,142,75,71
694153574923,"Lydia Beck",29,9735669996,shanon.purdy@hotmail.com,50,190,70,95
695573306524,"Drake Castillo",38,1320675287,agnes90@yahoo.com,31,177,68,66
695892524691,"Greyson Galindo",25,1268316202,christa.reilly72@gmail.com,34,177,70,70
696300463537,"Bishop Magana",29,1840672694,lilla98@gmail.com,47,175,72,41
697705184581,"Cedric Acevedo",44,3233923983,opal99@gmail.com,48,143,65,90
698558388739,"Heidi Arnold",35,3207255665,amaya_kilback@gmail.com,47,185,73,55
698948807256,"Elias Jacobs",46,8058098666,casimir51@yahoo.com,37,140,74,50
699481405357,"Elizabeth Cameron",41,1116629624,julia_hyatt@yahoo.com,40,154,65,77
700741872873,"Miley Baxter",35,3608934350,norene.johnson73@gmail.com,40,159,71,80
702238286336,"Ariella Parra",44,5197774860,dulce99@hotmail.com,30,140,69,50
703074278207,"Elle Yang",41,5452390482,yasmin_terry@gmail.com,26,149,65,61
703270187727,"Elina Hail",60,9028551791,rosalyn55@yahoo.com,24,181,71,47
705228511939,"Princeton Logan",25,3025971511,henri.harvey@gmail.com,49,148,73,63
706200368732,"Amira Lee",20,1003092783,bridie5@yahoo.com,24,182,74,57
706369891241,"Davion Meza",42,8640396206,rachel.swaniawski12@yahoo.com,37,179,71,92
706628658528,"Dillon Bullock",50,9231614256,milan_cormier94@gmail.com,37,166,74,65
706957130987,"Dakota Walton",29,5016554680,shanna.mitchell@yahoo.com,30,172,77,69
707069319789,"Junior Beltran",37,1288124153,cheyanne.swaniawski89@gmail.com,20,172,69,72
708512393555,"Deacon Lawson",34,3748676258,frederic35@gmail.com,27,170,67,40
708602954606,"Tripp Fuentes",53,1813964467,rosella_lubowitz@hotmail.com,45,152,66,87
709029298142,"Raegan Donaldson",60,7459663960,ethyl_howe97@hotmail.com,26,136,65,98
709371303296,"Melany O?Donnell",56,4532443593,jackeline.mohr@yahoo.com,42,143,77,82
709500148233,"Kendra Blanchard",33,3933137330,otis94@yahoo.com,32,157,78,71
709907438952,"Landry Brady",25,9387866427,carson28@gmail.com,47,157,71,91
711245779513,"Koda Elliott",38,4573025366,sammie91@gmail.com,41,139,75,45
711553543100,"Kyler Fleming",36,2701298883,dallas42@yahoo.com,30,139,68,49
711707932948,"Corinne Huynh",51,7280788747,damien_bernier@gmail.com,50,162,66,83
711781655762,"Musa Esquivel",24,1044162573,laurence.baumbach@yahoo.com,24,166,78,66
712451655666,"Colt Jaramillo",24,5713133488,oscar_okeefe11@yahoo.com,40,185,66,46
712554016528,"Marcelo Farley",54,4879302838,leland_ankunding@gmail.com,46,187,68,51
712889669494,"Valerie Maynard",46,3127870242,keegan.predovic@gmail.com,43,175,65,70
713213774071,"Eduardo Reilly",16,3690480341,lonie51@yahoo.com,40,136,74,85
713443410945,"Reece Baxter",31,1349906903,rodrigo99@yahoo.com,37,173,71,72
713607227700,"Diana Petersen",38,6855171588,rosendo_oconnell26@hotmail.com,45,155,73,75
714470255256,"Brian Sellers",28,6677717751,ronaldo_johnston71@yahoo.com,44,170,71,40
714927923471,"Aarya Ingram",26,9670607908,juana.beatty13@gmail.com,41,168,70,46
715629166555,"Brady Gonzales",30,2240390426,noemie.langosh@hotmail.com,31,175,71,44
716675663056,"Nataly Andrews",26,3301720883,edmund_okeefe@gmail.com,34,133,74,48
716875573271,"Ricky King",52,5916675605,murphy.durgan31@yahoo.com,22,186,76,58
717303247373,"Remy Roach",24,6332546130,gwen.lehner@yahoo.com,28,176,76,88
717746568402,"Abram Jefferson",17,9604458346,monserrate_oreilly73@hotmail.com,31,153,72,96
718488430176,"Malani Floyd",15,9699333962,turner71@yahoo.com,43,177,69,48
719519184244,"Alvaro Blackburn",58,9735081263,cloyd_smitham89@gmail.com,20,161,77,89
721173417628,"Aldo Pearson",17,5326096624,heather.heller@yahoo.com,31,176,66,50
721559814141,"Samson Harper",49,8085521871,ransom.oberbrunner86@hotmail.com,49,138,65,71
724048365129,"Rayan Underwood",55,2006446632,evalyn.oconner@yahoo.com,26,157,69,92
724680473141,"Ricardo Potts",32,2816738892,calista.ledner@yahoo.com,24,134,72,48
724969018792,"Aldo Erickson",31,6939805742,jasper_johnson@gmail.com,50,154,80,74
727288993673,"Charleigh Hamilton",15,3050724699,emmet49@hotmail.com,43,184,71,95
727310439478,"Eliana Patterson",51,3366137662,leopoldo78@gmail.com,21,140,72,83
727367465767,"Ramon Franco",18,9050635797,kara_hermann@hotmail.com,34,184,71,88
727724453188,"Ellison Barber",26,8604675432,rhianna37@hotmail.com,27,157,72,47
730367668137,"Josephine Hudson",38,5615834539,emie_boyer36@yahoo.com,31,131,78,54
730386832073,"Jaziel Peralta",20,3958230409,jamaal.stoltenberg@gmail.com,43,131,75,97
731256167392,"Maximiliano Vazquez",42,5975124788,maude.orn@yahoo.com,42,183,73,87
731468245862,"Kayla Wilcox",60,7433489766,jaleel9@gmail.com,45,166,73,77
732168055782,"August Walsh",57,9841100765,sophia.ward48@gmail.com,37,155,65,60
733894355391,"Fernanda Knox",24,6636394228,elyse.flatley78@yahoo.com,31,143,70,72
734226992495,"Nelson Compton",16,6859501341,rhoda_hilpert4@gmail.com,25,134,72,56
735426007795,"Kason Dejesus",59,7702379672,cordie43@gmail.com,45,170,70,43
735444814425,"Jakob Weeks",24,4779940932,jamison.connelly41@hotmail.com,21,154,65,52
736039073263,"Cade Gibbs",23,7577177735,edgar37@gmail.com,41,171,69,51
737277340780,"Daniella Becker",59,3748719410,cathryn39@hotmail.com,33,142,66,60
740594072947,"Declan Grant",58,6044764010,maude.koepp@hotmail.com,50,177,80,56
740810145982,"Hanna Newton",51,9695405915,deron.runte@yahoo.com,46,140,72,56
743168392491,"Duke Robles",34,5065410043,toby_corkery81@hotmail.com,49,160,71,74
743665436813,"Roberto Savage",44,6768505145,lula.schamberger@hotmail.com,40,173,77,92
744157760765,"Bo Andersen",27,7228561618,mathew.watsica@gmail.com,25,138,77,84
744371321654,"Kiara McCormick",60,2621381668,mauricio86@hotmail.com,50,178,65,40
745295751536,"Brinley Lynch",21,3760311138,henry88@yahoo.com,35,154,80,55
746481951815,"Zechariah Wilkerson",54,6795686466,saul_crist@gmail.com,36,168,72,40
747649059828,"Thalia Macdonald",56,8151618842,emily.rolfson97@gmail.com,37,168,76,82
749355581797,"Stanley Estes",27,6388144154,karson.larson5@hotmail.com,47,181,74,48
749438002485,"Gloria Conrad",29,1649959493,warren_bruen51@gmail.com,37,187,78,57
749882493534,"Angela Roman",33,8154889062,glenda4@hotmail.com,30,139,72,54
750468812102,"Harmoni Li",39,1166462138,mabel17@yahoo.com,44,163,78,40
751733443654,"Salvador Villarreal",58,3172216917,fernando_fritsch@hotmail.com,44,140,66,74
751803724045,"Armani Rodgers",28,8420233390,zelma_skiles@yahoo.com,49,137,77,100
752089778629,"Lian Erickson",35,7664281328,lenore_mckenzie30@gmail.com,26,154,79,61
753666953639,"Cassidy Bridges",20,4171217649,xzavier_jaskolski34@yahoo.com,21,145,78,61
755458238946,"Clementine Ponce",49,4352898923,annamarie_blick42@yahoo.com,47,186,70,84
756373647729,"Jocelyn Sharp",53,4399533722,christa_tillman91@hotmail.com,35,147,74,53
756611134833,"Rocky Francis",33,6237316213,alta25@gmail.com,21,162,70,97
757146420200,"Princeton Patel",56,2745915234,jazmin31@gmail.com,34,164,76,88
758876317223,"Zander Snyder",53,3660026533,hector_schowalter@gmail.com,48,140,72,66
759018671203,"Finnley Nunez",45,8640312743,brooks.yost@gmail.com,38,140,68,40
759067806811,"Elliot Baldwin",45,6782640103,lupe.medhurst@gmail.com,33,160,66,61
759166073089,"River Molina",27,5240506095,murray.ullrich@hotmail.com,40,133,66,70
759505880055,"Quentin Branch",26,3947072874,jalon_roberts@yahoo.com,30,132,69,51
759649649486,"Alice Valdez",37,1929771114,joelle74@yahoo.com,21,144,72,60
760321413663,"Malachi Gilbert",25,5546983139,ceasar.veum@hotmail.com,47,130,75,88
761703027548,"Skylar Ballard",47,2594647828,virgil69@gmail.com,27,149,79,62
761795662571,"Amir Saunders",45,6724426313,amani_morar@gmail.com,46,147,68,56
762176995891,"Bodie Ellison",27,4256682848,brandy.wehner@hotmail.com,30,163,65,47
764593588176,"Valentin Cochran",30,5487684492,stephon.gulgowski40@gmail.com,21,181,69,57
765321496387,"Sage Blackwell",36,4493791566,jeramie27@yahoo.com,24,155,76,86
766472499534,"Theodore Valdez",47,4409915198,august_wilderman33@hotmail.com,39,157,66,58
766654602942,"Keegan Huynh",17,1162604987,cierra_gutkowski@hotmail.com,24,138,70,64
767343834295,"Judah Stuart",49,8981130797,frank_toy@hotmail.com,24,159,71,95
767811631821,"Mordechai Paul",41,9579976890,timothy_daniel@yahoo.com,22,171,75,61
768461281155,"Chance Fletcher",48,3785025819,melany1@yahoo.com,20,157,79,56
769196187937,"Adalyn Evans",38,9310905382,melvin.larkin61@yahoo.com,31,154,69,94
769365928185,"Ana Foster",26,1450205317,roy_rodriguez88@yahoo.com,28,169,72,90
771829241423,"Celine Decker",45,2100279764,adolf_hansen41@yahoo.com,48,190,80,47
771936259602,"Judah Bennett",24,2566042911,lura_lind50@gmail.com,44,182,65,98
772733445153,"Emani Hill",16,7581415954,toni_rodriguez@yahoo.com,37,171,73,49
773761855709,"Kiaan Beck",24,9578410924,brenda95@hotmail.com,30,134,65,70
773913842537,"Journee Carlson",59,7860787241,madison_bernhard77@yahoo.com,28,146,66,90
774240409233,"Dakari McCarty",43,5260952155,omer58@gmail.com,28,130,73,99
774603712332,"Jocelyn Daugherty",23,4615454125,althea_tromp74@yahoo.com,27,189,68,51
775056433210,"Royal Hunt",17,6041851844,stephanie_osinski61@yahoo.com,28,189,71,55
775126013291,"Carter Beil",18,3882585598,april18@hotmail.com,49,141,72,52
775459729834,"Melody Frazier",15,8864552387,paul_upton28@gmail.com,48,170,79,43
775890898215,"Isaias McDonald",30,7366924278,mathew.toy@hotmail.com,50,168,78,79
776812882791,"Jayda Moreno",40,6695498855,jacquelyn_wiegand28@gmail.com,20,178,72,95
777082158780,"Omari Pugh",55,4676195133,sheridan53@gmail.com,20,163,76,51
777578192895,"Parker Mendoza",58,4980470326,jaylin.turner75@hotmail.com,44,139,71,48
777592009401,"Colson Hoffman",34,9770649824,norma30@hotmail.com,24,144,74,91
778657720736,"Charli Fischer",25,9865723284,vernice_grant@gmail.com,25,142,75,40
779407324626,"Mila Buck",56,2920847566,malachi64@gmail.com,43,152,78,51
779905329687,"Callie Mercado",53,4497327967,jewell_langosh11@gmail.com,32,153,69,52
780114826248,"Emiliano Knox",43,1114662560,denis_gleason@gmail.com,48,148,66,45
780254705095,"Rosie Marin",36,9282957279,lyric59@gmail.com,46,189,77,63
781859804583,"Jaxen Lloyd",32,4204400145,lydia.johnson42@yahoo.com,31,130,67,70
782434114957,"Olive Michael",19,7820758683,elwin.jacobs@yahoo.com,26,167,69,62
782522828328,"Dorothy Rose",37,9899239526,winnifred67@gmail.com,32,157,71,69
782684860803,"Crystal Ashley",36,9736306014,cora_okon@yahoo.com,26,166,65,75
783649716492,"Sabrina O?Donnell",19,8603062668,jade_mante@yahoo.com,47,162,75,45
784492792517,"Remy Mayer",37,6580470418,nannie74@hotmail.com,36,182,70,81
786433139736,"Wallace Parsons",48,8572231598,verner_murphy79@yahoo.com,33,189,73,70
786829505172,"Aleena Rowland",44,9558760091,oma_glover10@hotmail.com,48,162,66,96
786902308286,"Elyse Barnes",40,3998045519,karli.zemlak80@gmail.com,49,173,65,54
787932840761,"Noah Schneider",33,6082155778,ariel.jones@hotmail.com,29,178,77,65
788981376832,"Maia Yu",59,6522260586,rodrigo76@gmail.com,47,130,68,59
792891099680,"Winston Meza",35,1027122690,mose35@gmail.com,25,149,70,94
794684203503,"Dorian Zamora",54,9549829827,cassidy_gleichner27@gmail.com,34,133,69,97
794718546064,"Edward Potter",41,9720506832,brant1@yahoo.com,44,190,66,45
795000982092,"Amari Manning",20,2933200073,vito58@hotmail.com,49,188,75,75
795061040529,"Lillie Lamb",40,2470989354,laverna_mann@yahoo.com,37,187,69,48
795066669434,"Meadow Day",43,2902286343,eve83@hotmail.com,42,142,71,52
795162930915,"Leah Sosa",18,3047950082,jaylan_fadel13@hotmail.com,46,145,65,53
796429698229,"Finley Delgado",51,9743839916,lance_hackett@gmail.com,23,163,72,99
797008169076,"Ermias Tapia",33,6835949159,cierra22@hotmail.com,47,133,80,90
797970625394,"Jesus Dunn",55,7076384365,collin70@hotmail.com,22,157,65,77
798800971803,"Eloise Beasley",60,1315873478,dolly65@yahoo.com,43,165,80,73
799422616522,"Hank Phan",20,4719473266,liam.bruen@hotmail.com,48,132,68,91
799797992158,"Prince Harmon",57,3278131490,reynold12@gmail.com,21,176,71,44
801117566905,"Iyla Reed",39,7608256352,kaylie4@gmail.com,41,139,70,44
801599226280,"Shepherd Horn",45,7248328455,heloise_abshire@hotmail.com,27,151,65,80
801777082574,"Zaid Chung",50,6595319254,jimmy4@hotmail.com,36,189,78,53
802002725190,"Reuben Lloyd",25,2085876052,earline60@hotmail.com,50,143,73,95
804420823613,"Keith Schmitt",23,2506389137,emanuel.koepp@gmail.com,47,151,66,83
805224596115,"Jonas Neal",55,1606978828,darron.sporer@gmail.com,42,152,79,44
805895415822,"Ana Chase",60,8691339287,brent_vonrueden34@gmail.com,24,133,67,64
807897753993,"Felicity Rosales",60,9248958991,kelly79@hotmail.com,24,161,69,94
808894921821,"Fabian Gutierrez",46,2707978201,durward_mckenzie@hotmail.com,27,147,67,42
809216757675,"Wayne Schmitt",34,8666100743,maximo36@hotmail.com,46,146,73,74
810072922579,"Kimberly Murillo",43,3567947685,ezra0@gmail.com,21,190,79,67
811150688704,"Janiyah Harrell",41,3483105334,kirstin.lang@hotmail.com,37,160,71,91
812085434735,"Mikaela Mack",26,9520182405,wilfred.lebsack@hotmail.com,32,154,66,59
813487844942,"Keily Booth",58,4994999668,florine96@hotmail.com,31,160,71,92
814154719674,"Everest Norman",51,6346552429,taya_ortiz@gmail.com,23,185,75,59
814504547862,"Jerry Wise",31,3515982792,waldo50@hotmail.com,33,145,70,59
814845917735,"Nataly Chapman",23,8106767405,fredrick_friesen0@hotmail.com,37,180,72,84
815096656062,"Carolyn Chapman",18,6663692183,loma_deckow@hotmail.com,47,183,67,44
815524850906,"Armani Bowen",27,5558513760,monserrate62@hotmail.com,44,133,72,78
817587380185,"Walter Parrish",46,8256063036,vincenzo.conroy@gmail.com,22,178,66,42
818417058735,"Fabian Burgess",35,7170625613,geraldine49@yahoo.com,31,174,79,60
818903743740,"Brayden Kirby",56,8866941957,adell.beatty86@hotmail.com,48,185,70,68
819635785160,"Rosa Galvan",46,8643713218,tanya67@yahoo.com,49,169,73,55
819957024873,"Fernando Spence",50,2275711011,gunnar_treutel33@yahoo.com,20,182,68,49
820493355227,"Blaise Moran",49,5722036732,raina_hermiston8@yahoo.com,35,131,72,77
821452883634,"Jaxx Buchanan",15,9478868647,ashtyn_lubowitz@hotmail.com,37,149,73,76
824466445803,"Carmen Phillips",19,5618564961,violette_dare@hotmail.com,36,155,79,78
825257625190,"Norah McLean",56,8351500622,chloe_padberg@yahoo.com,38,186,70,40
825353364449,"Daphne Lucero",60,3268988114,reid.walsh52@yahoo.com,30,171,71,90
825814825196,"Alaiya Wilkinson",31,6161292609,heaven_marquardt34@hotmail.com,45,174,74,71
825892908303,"Julio Lin",59,2939235945,carissa_gerlach@hotmail.com,42,166,68,94
826448242482,"Raymond Peterson",24,3432667784,yvette76@gmail.com,49,151,73,91
827589136418,"Malayah Frye",55,7557949855,lucius.crona@yahoo.com,33,174,69,93
828362178248,"Lilly Shaw",46,9264062394,harvey_leannon19@gmail.com,27,147,70,75
828953387467,"Ana Potts",48,3932499444,arden.pollich@yahoo.com,39,161,69,56
830009304994,"Treasure Simmons",42,6830851772,vito_kassulke@hotmail.com,26,161,71,59
830759519347,"Everlee Mullins",57,1666984709,brannon86@hotmail.com,25,140,71,49
833697776269,"Jeffrey Carpenter",59,6780748492,trever.smith98@gmail.com,42,173,69,64
834566780722,"Nelson Macias",20,8042001789,okey.morar@gmail.com,48,174,71,43
834884329939,"Blaise Schmidt",26,5502295311,angie30@hotmail.com,20,183,65,88
835227094672,"Ace Hail",20,1599396875,heloise_berge@yahoo.com,27,187,80,40
835378002352,"Lillian Trevino",16,6162476712,wellington86@yahoo.com,30,150,67,59
836987027644,"Rory Singleton",33,1351451047,terrance16@yahoo.com,42,153,70,47
839841851188,"Elena Monroe",45,1230492307,maya_nicolas@hotmail.com,37,189,73,84
840079988557,"Jayce Ahmed",31,6573033855,buddy77@hotmail.com,38,137,66,98
840430694921,"Kylen O?brien",55,4877724701,eliane.schuster@yahoo.com,39,164,76,81
841328132232,"Malayah Person",54,8667822812,david50@hotmail.com,28,135,75,52
842240808312,"Aislinn O?Neill",55,5550042298,jude_batz@yahoo.com,20,189,66,72
842683638681,"Vivian Andrews",57,2015682037,edwardo29@yahoo.com,32,171,78,41
842734698408,"Erik Cain",40,2998106591,tiffany.hills@yahoo.com,25,156,70,57
842937026678,"Kyng Benton",55,9425969862,giovanny42@gmail.com,41,173,68,92
844152328109,"Anthony Reyna",24,5611009825,jaron.predovic10@yahoo.com,32,160,72,45
844381325347,"Lyanna Sampson",26,2636512033,dean.corwin@hotmail.com,35,138,69,91
844817135820,"Alvaro Nielsen",49,2186311698,crystel46@yahoo.com,39,167,77,97
845290343168,"Leonidas Kim",26,8638694852,nikolas.corwin@hotmail.com,41,177,77,73
845327375232,"Kenzo Sullivan",35,9534009879,lysanne57@yahoo.com,41,185,78,77
846604540833,"Novalee Walters",23,8891449557,nils75@yahoo.com,49,146,80,61
848856814341,"Sierra Roman",32,4547893578,lacey50@yahoo.com,27,135,72,61
849387670453,"Reed Cortez",16,7589797992,alyson_champlin80@yahoo.com,45,174,74,91
850666709460,"Justin Thornton",53,8385328159,joy.wehner@yahoo.com,41,157,66,81
850882561208,"Lainey Russo",24,1424510884,karen.stehr95@gmail.com,34,165,76,75
851469082925,"Kaylani Morales",23,5110598309,walter_thompson@yahoo.com,33,172,79,86
852561820784,"Franco Pollard",39,1388548552,harvey.kerluke36@gmail.com,42,164,79,83
852876607662,"Maia Nelson",34,3851683217,kallie.hartmann@yahoo.com,25,186,76,50
853195886381,"Thiago Huerta",39,4103731082,malachi88@gmail.com,25,140,65,71
853672045938,"Egypt Patton",36,5088589097,gus96@yahoo.com,25,130,71,41
856114867557,"Gerardo Rogers",23,4335859957,fabian_schmitt39@gmail.com,30,190,66,46
856170373341,"Kamdyn Orr",34,9057811470,keeley_murphy29@hotmail.com,26,168,70,65
857590601754,"Estella Jarvis",50,6675081999,milford_bashirian36@yahoo.com,33,186,80,52
857854059889,"Jeremy Murillo",36,2264057038,beaulah.kunze@hotmail.com,50,162,66,94
858211743972,"Macy Rangel",51,8722177560,winfield.kautzer94@gmail.com,43,148,67,77
862438251192,"Karson Mack",41,3732925285,maegan78@gmail.com,25,172,74,77
862665252429,"Jasper Crosby",31,4412510866,devon55@hotmail.com,44,159,72,75
862826198306,"Lukas Rowland",25,8842928110,willard.kohler@gmail.com,49,154,70,63
863602856431,"Queen Pacheco",21,7218074026,lemuel_auer@gmail.com,49,155,76,88
863697648636,"Jett Lawson",60,1984674140,alivia_ratke35@hotmail.com,43,146,79,98
865033035080,"Solomon Roy",36,2094163518,wilfredo.stamm59@gmail.com,47,136,78,64
868441870047,"Wrenley Walsh",16,5984768958,nelda_gleichner@yahoo.com,39,133,80,85
869689928931,"Makayla Ochoa",26,7774501317,ryan40@yahoo.com,28,139,68,63
870821022099,"Mathias Norman",18,2278734547,katrine_schmidt46@gmail.com,50,139,80,65
871085182822,"Marlee Frank",57,7787910307,myrtle_pacocha99@gmail.com,33,140,65,93
874199867870,"Lainey Dominguez",19,4936852244,eliezer.casper25@yahoo.com,21,188,75,48
874644618311,"Alma Waters",34,8408603536,delaney_wilderman@gmail.com,46,161,76,40
874720238655,"Moshe Kim",48,5584069947,justyn.tremblay@yahoo.com,33,159,79,79
874743590871,"Xavier Franklin",28,1950082873,virgil.lemke49@hotmail.com,22,156,74,78
875516731804,"Fatima Tran",51,3782266763,pearlie_walsh40@gmail.com,42,183,66,73
876692826453,"Queen Jensen",18,8937423780,lane.gutmann63@gmail.com,41,132,66,80
877744458803,"Kora Vaughn",48,9434616602,hassie55@gmail.com,36,162,78,54
881573039148,"Itzel Mueller",46,8161248105,haleigh.predovic15@gmail.com,21,147,74,86
881690054843,"Cohen Stanley",60,3730377630,cordell2@hotmail.com,36,189,72,79
882923750508,"Augustus Cano",57,4279671058,chasity.walter35@yahoo.com,44,146,80,64
883281184952,"Clay Meza",19,7890486801,hector.shanahan18@yahoo.com,37,164,74,56
885280988511,"Magdalena Rush",60,2639744629,cornell22@yahoo.com,30,141,68,85
887733219149,"Alessandra Fleming",15,3125091601,ezequiel.braun40@gmail.com,48,185,66,48
888670436539,"Anne Hanson",34,7017616663,cruz.ritchie@gmail.com,32,156,67,56
889471251391,"Margot Koch",53,2544557643,darien33@hotmail.com,30,163,73,66
889534955124,"Colette Garner",43,4573535789,liliana71@gmail.com,43,160,66,47
890158125308,"Kaylani Henson",47,3867087248,grace.kuhlman11@hotmail.com,47,167,70,97
891956820522,"Leif Christensen",18,8551298177,kylee91@gmail.com,24,171,74,53
893589775711,"Ayden Johns",30,3963630913,veda_zulauf59@yahoo.com,36,130,77,60
893923667915,"Sage Zavala",35,2336593979,colby_tillman@hotmail.com,36,150,78,44
894283428896,"Bodhi Delarosa",17,9241245606,makayla_langosh@yahoo.com,44,171,80,60
894784588599,"Lance Owens",39,1943187525,henry.kessler98@yahoo.com,38,136,69,88
895714715209,"Mariah Schaefer",48,5518243052,garret90@hotmail.com,49,176,79,81
896329928062,"Lyra Montgomery",42,1071780358,augustus_moore58@yahoo.com,38,165,68,92
897155056182,"Annalise Boyd",53,4099309497,orpha43@gmail.com,38,143,80,46
897419501064,"Hailey Bautista",36,6132695373,arlo_langworth@gmail.com,30,147,67,55
898004176404,"Saint Nava",57,9166353248,kaya.doyle88@hotmail.com,36,132,78,85
898889685024,"Melani McMahon",48,5329810234,durward_fahey49@yahoo.com,47,171,68,78
899597145859,"Dilan Weaver",60,2209316324,sammie.kuphal@gmail.com,40,167,70,85
900357062502,"Larry Walker",38,8235942160,esta75@yahoo.com,39,175,71,90
900488728534,"Gabriella Stuart",55,1866654968,myra.bauch9@yahoo.com,21,133,74,48
901315451283,"Gabrielle Arias",38,3962394079,oswaldo82@yahoo.com,22,144,77,56
902010638120,"Anakin Juarez",59,1788220660,crawford_rutherford@gmail.com,23,155,67,88
902863858538,"Jamal Roberts",21,4744568877,georgette_gottlieb66@hotmail.com,41,160,68,74
904092388316,"Miller Parsons",36,5984069688,gordon76@gmail.com,44,130,65,41
905580672207,"Aidan Tran",29,8177291300,norene32@hotmail.com,21,186,70,87
906698504293,"Giana Gonzales",41,7065653056,ola.padberg29@hotmail.com,30,132,74,100
908126025964,"Alma Wiggins",18,3938915038,queenie_labadie88@yahoo.com,32,145,71,51
909450544022,"Shawn Cobb",20,4490292876,benedict77@yahoo.com,35,151,71,71
909624209601,"Myla Baldwin",26,4278198500,nola33@hotmail.com,48,149,71,52
910156797393,"Khalil O?Neal",35,1431769024,shad_ziemann@yahoo.com,43,187,71,99
910177932932,"Arjun Fitzgerald",25,2282051053,jonas_reichert94@gmail.com,36,159,70,42
911005615417,"Katalina Gallegos",24,7239271672,dolly64@yahoo.com,32,152,70,96
911180832514,"Royce Potter",18,8883602150,una_hyatt97@gmail.com,39,175,75,53
911272041995,"Malcolm Rivera",18,5168222702,rosendo_oreilly@hotmail.com,25,131,66,93
911395158555,"Dion Wall",45,9668375863,elta.stracke@yahoo.com,35,181,77,53
912131435478,"Clarissa Sandoval",24,4031792721,myra.grady86@yahoo.com,29,164,74,84
912393903438,"Philip Massey",41,7390902924,cassie96@gmail.com,37,165,80,51
913039848246,"Lara Lam",28,2651856251,jacey33@gmail.com,38,135,72,81
913598061733,"Lachlan Camacho",34,5043289986,kameron.ledner@gmail.com,32,149,73,69
915260393184,"Maren Christian",21,1119868724,meagan.braun68@yahoo.com,23,185,71,77
917201445074,"Scarlet Kirby",17,5412842817,sylvia.gutkowski84@hotmail.com,42,156,73,53
917858987039,"Izabella Dejesus",39,4799734619,shannon7@yahoo.com,40,159,80,45
918747839371,"Dylan Dennis",15,5606018041,lamar_altenwerth@gmail.com,25,188,66,50
920862689752,"Canaan Morgan",37,5002099904,scottie_reynolds27@yahoo.com,30,181,69,96
921517850750,"Jace Mayo",22,8554514981,kaylee84@hotmail.com,43,157,71,73
923994542844,"Eliel Holland",32,3205501079,madie_ratke@hotmail.com,20,141,74,63
924044832308,"Hugh Ventura",49,5525475401,lewis.mraz71@gmail.com,48,148,75,61
925600268861,"Sydney Lawrence",15,1451388904,magali.donnelly26@gmail.com,29,181,75,51
926081231758,"Shiloh Pineda",43,6374236582,lenny.quigley42@yahoo.com,30,186,71,77
928584724651,"Gloria Salinas",53,4461021442,rhea_king11@hotmail.com,34,172,68,46
930655488891,"Helena Hutchinson",50,6440501102,isaac.feil48@hotmail.com,41,170,78,92
931385560066,"Clementine Marquez",31,6037055896,alexandrine_schmeler1@gmail.com,30,162,66,90
932242369521,"Abdullah Morris",37,7272266003,jermaine76@yahoo.com,29,181,69,42
932495690291,"Queen Richardson",33,7252282953,hailey_ziemann31@hotmail.com,21,170,67,96
932609479262,"Dion Humphrey",50,1566529236,freddie_balistreri54@hotmail.com,39,168,75,52
933255771423,"Haven Kennedy",42,7179371983,ona94@yahoo.com,25,158,76,79
934047993833,"Isla Brock",22,3489724311,mellie_hickle@yahoo.com,31,173,69,93
934716169162,"Mya Truong",26,5628761644,jaylin.huels10@hotmail.com,41,160,70,53
935294261283,"Jon Leblanc",43,6555808870,mack40@hotmail.com,30,168,76,82
937749817447,"Indie Glenn",59,6286356327,francis_smith6@yahoo.com,33,148,71,69
939435736944,"Gabriella Blevins",51,3636085205,rhea_stark@hotmail.com,26,188,73,85
939607069643,"Malani Blackwell",56,2566481501,jesus47@hotmail.com,42,137,67,43
941319512388,"Amir Keith",18,9089261159,cristopher.tromp65@hotmail.com,41,152,77,64
941324251505,"Ariel Newman",31,4941327477,shanon.hoeger55@yahoo.com,34,184,72,59
941635821420,"Mordechai Washington",30,1633147368,tristin11@yahoo.com,33,131,66,66
944157332884,"Louise Lynn",58,2734950903,bella.pfeffer33@hotmail.com,24,142,66,47
944813475557,"Winnie Morris",54,9589788758,jerrell18@yahoo.com,28,173,80,76
945938836416,"Bodhi Gilbert",27,2215292213,lauren.boehm@gmail.com,50,138,75,93
946322172476,"Amelia Fleming",20,7950477605,everette.bergstrom45@hotmail.com,37,151,67,59
946914524403,"Natalie Larsen",54,9850399833,damon43@gmail.com,28,189,75,76
946915061192,"Luisa Mayer",57,1286368703,tyra.sporer73@hotmail.com,39,133,73,97
947021923086,"Atticus Chambers",41,5051428859,angie.ritchie@yahoo.com,32,139,79,51
947235939276,"Aya Eaton",17,2662491107,jacklyn_wilderman@yahoo.com,22,180,78,86
947364601220,"Maximilian Barber",35,5535928512,makenna0@yahoo.com,22,144,71,93
947820057394,"Raya Gutierrez",40,8172162051,emerald70@yahoo.com,34,145,65,60
948022793491,"Scarlette Ayers",16,9120404975,ellsworth_torp83@yahoo.com,23,137,74,46
948846540167,"Castiel Herrera",48,5780112830,willa_jast@yahoo.com,29,138,70,98
948987756380,"Clark Rowland",46,8494968833,margaret.ruecker@yahoo.com,43,176,75,75
950000761746,"Diego Strickland",43,1003276417,julien_rodriguez90@gmail.com,38,167,67,87
950312936137,"Kylen Harrington",32,3917067612,felipa98@gmail.com,31,181,72,67
950387984340,"Maisie Spencer",50,8309510614,diana12@yahoo.com,40,179,76,98
950752346479,"Kayden Rivas",50,7702489452,madyson16@yahoo.com,46,144,78,68
951227224871,"Hunter Hartman",40,3143711473,tobin37@hotmail.com,39,189,66,52
951926141871,"Julissa Chase",52,9039654410,delmer47@hotmail.com,20,189,74,92
956325642399,"Talia Zhang",37,4136447306,wanda_streich@gmail.com,42,189,77,97
956656462121,"Jack Winters",16,9584433135,brandi67@gmail.com,50,154,71,40
956787397790,"Rivka Singh",23,4508889544,constantin21@yahoo.com,29,147,70,55
959266144218,"Melina Payne",55,2223438895,abbie48@hotmail.com,31,138,74,95
959429307003,"Eliezer McClure",48,4757630151,ebony.roob86@gmail.com,32,163,76,40
959430218507,"Landen Glass",29,7959008073,cordell_gerhold@hotmail.com,32,180,72,55
959594420967,"Devon Walton",32,9906381875,keven_greenholt12@gmail.com,50,188,71,98
961244672367,"Halo Benson",28,1075678361,pearline.ziemann88@hotmail.com,20,185,79,45
962811615935,"Aries Tanner",32,2618120882,polly_kilback@hotmail.com,42,166,72,43
963905904287,"Christian Joseph",59,7908592162,dawn.kozey41@gmail.com,36,151,74,45
963992306228,"Mylo Armstrong",21,6610250328,mara12@gmail.com,35,147,67,84
964906321981,"Marcus Luna",16,8508970009,damion.rutherford89@gmail.com,44,179,75,81
965123134979,"Kaydence Duarte",41,6208592076,melody34@hotmail.com,28,154,78,40
965867652165,"Madison Burton",54,7341957475,alan89@yahoo.com,41,133,79,98
968018378105,"Daisy Glenn",28,9317020278,nyasia_quigley@gmail.com,39,150,77,97
968224199491,"Mohammed Valentine",25,9869123428,brandi.gerhold34@yahoo.com,34,184,71,47
968961356411,"Brianna Cortez",39,6354966996,frederick52@hotmail.com,26,168,70,61
969675778066,"Zahra O?Connor",54,3581969637,antwon50@gmail.com,36,150,79,87
969760154693,"Daxton Brandt",56,2197513808,noe64@gmail.com,35,157,66,86
970256644966,"Skyla Hunter",21,5518434655,rosemary.gusikowski@yahoo.com,50,188,69,45
970444437345,"Maisie Reilly",50,4338793306,kolby.bruen3@yahoo.com,45,163,67,78
970774605104,"Kylo Thomas",17,8392757210,letha_barton@hotmail.com,26,163,76,60
971332886737,"Rory Davidson",41,6448630288,freddy_strosin@yahoo.com,30,132,75,74
973394329491,"Branson Galvan",58,9182541655,casandra20@hotmail.com,35,131,72,63
973600491860,"Finley Barajas",42,4495783692,skylar.thompson@gmail.com,48,177,69,63
974468853477,"Garrett Heath",26,4360496096,kiley_grant35@yahoo.com,47,184,66,70
974984621383,"Chaim Le",31,1154372883,lue_walter19@hotmail.com,48,185,79,61
975540200078,"Avayah Love",48,4853381973,grady_johnson@yahoo.com,40,182,70,51
977697463934,"Layton Woods",31,9931225513,kyle72@gmail.com,50,185,77,55
977931743370,"Amelie Romero",19,9506700569,jaunita_koelpin@gmail.com,28,173,68,81
978556939847,"Viviana Terry",53,4572695969,jacky71@yahoo.com,30,133,69,43
980697203355,"Adley Villalobos",19,2531665113,alphonso.buckridge73@hotmail.com,43,157,71,84
981810599247,"Addyson Preston",49,3111081422,carolyne94@hotmail.com,38,189,78,66
983678708807,"Whitney Stephens",22,4418247512,lawrence95@yahoo.com,27,147,74,80
983907276352,"Leanna Fischer",18,6609180747,kathryne_dickens24@yahoo.com,24,132,75,86
984397256085,"Kataleya Oliver",50,3173009544,lelia_koss31@gmail.com,45,133,67,73
984424297555,"Juliet Munoz",16,5677106906,arjun_schuster@hotmail.com,20,190,79,52
984468657108,"Makenna Hinton",24,9444374053,nola31@gmail.com,41,185,72,83
985148518682,"Cannon Gomez",21,4531577121,janie.dickinson@yahoo.com,34,161,79,53
985875323456,"Carmen Lawson",41,4685159817,gwen.spinka@hotmail.com,23,176,75,87
990644154718,"Gemma Melton",37,3165508419,kaela.mraz@yahoo.com,32,169,67,89
991469520379,"Kaysen Case",32,8914881775,selmer_veum30@yahoo.com,26,130,77,86
991538540026,"Santiago Glover",36,2207804149,brandt42@hotmail.com,36,163,75,94
991994627746,"Judson Roth",48,6789297726,joel88@yahoo.com,41,180,79,71
993224776265,"Myles Sutton",60,4758216527,thelma40@hotmail.com,35,130,79,90
993661671624,"Erick Craig",37,3491888657,evangeline_gorczany@hotmail.com,30,175,75,94
993854558576,"Ridge Gaines",39,1580236352,tristin_breitenberg@yahoo.com,24,132,71,59
994452175393,"Hezekiah Branch",15,2448424938,esperanza_ledner83@gmail.com,38,146,79,95
994965616490,"Celine Maxwell",45,3907740640,charlotte14@yahoo.com,33,169,70,71
995056330248,"Jayda Felix",42,4279306060,hugh_beatty20@yahoo.com,35,130,78,84
995348342710,"Alayah Kim",52,9990597503,marietta51@hotmail.com,34,146,76,76
997062422271,"Aurora Dougherty",22,3667260403,ahmad36@hotmail.com,22,175,78,100
997665867822,"Sydney Waller",32,4093530915,dagmar88@hotmail.com,37,159,74,47
997684779043,"Dallas Duffy",25,6303898254,drake.effertz21@gmail.com,41,148,65,77
999066497048,"Frankie Oliver",27,8340613056,dereck.herman87@yahoo.com,42,154,68,94
999490102637,"Reese Blackburn",17,2642050981,zion.greenfelder@hotmail.com,50,148,73,60
